timestamp, name, memory.used [MiB], memory.total [MiB], utilization.gpu [%], utilization.memory [%], power.draw [W], temperature.gpu
2026/07/03 05:25:23.560, NVIDIA GeForce RTX 3090, 20304 MiB, 24576 MiB, 0 %, 0 %, 23.22 W, 31
2026/07/03 05:25:24.567, NVIDIA GeForce RTX 3090, 20304 MiB, 24576 MiB, 0 %, 0 %, 23.13 W, 31
2026/07/03 05:25:25.569, NVIDIA GeForce RTX 3090, 20304 MiB, 24576 MiB, 0 %, 0 %, 23.20 W, 31
2026/07/03 05:25:26.571, NVIDIA GeForce RTX 3090, 20304 MiB, 24576 MiB, 0 %, 0 %, 23.38 W, 31
2026/07/03 05:25:27.572, NVIDIA GeForce RTX 3090, 20304 MiB, 24576 MiB, 0 %, 0 %, 23.38 W, 31
2026/07/03 05:25:28.574, NVIDIA GeForce RTX 3090, 20304 MiB, 24576 MiB, 0 %, 0 %, 23.28 W, 31
2026/07/03 05:25:29.576, NVIDIA GeForce RTX 3090, 20304 MiB, 24576 MiB, 0 %, 0 %, 23.20 W, 31
2026/07/03 05:25:30.577, NVIDIA GeForce RTX 3090, 20304 MiB, 24576 MiB, 0 %, 0 %, 23.24 W, 31
2026/07/03 05:25:31.578, NVIDIA GeForce RTX 3090, 20304 MiB, 24576 MiB, 0 %, 0 %, 23.18 W, 31
2026/07/03 05:25:32.580, NVIDIA GeForce RTX 3090, 20304 MiB, 24576 MiB, 0 %, 0 %, 23.08 W, 30
2026/07/03 05:25:33.582, NVIDIA GeForce RTX 3090, 20304 MiB, 24576 MiB, 0 %, 0 %, 23.10 W, 30
2026/07/03 05:25:34.584, NVIDIA GeForce RTX 3090, 20304 MiB, 24576 MiB, 0 %, 0 %, 23.06 W, 30
2026/07/03 05:25:35.586, NVIDIA GeForce RTX 3090, 20304 MiB, 24576 MiB, 0 %, 0 %, 23.13 W, 30
2026/07/03 05:25:36.588, NVIDIA GeForce RTX 3090, 20304 MiB, 24576 MiB, 0 %, 0 %, 23.17 W, 30
2026/07/03 05:25:37.590, NVIDIA GeForce RTX 3090, 20304 MiB, 24576 MiB, 0 %, 0 %, 23.16 W, 30
2026/07/03 05:25:38.592, NVIDIA GeForce RTX 3090, 20304 MiB, 24576 MiB, 0 %, 0 %, 23.07 W, 30
2026/07/03 05:25:39.594, NVIDIA GeForce RTX 3090, 20304 MiB, 24576 MiB, 0 %, 0 %, 23.04 W, 30
2026/07/03 05:25:40.595, NVIDIA GeForce RTX 3090, 20304 MiB, 24576 MiB, 0 %, 0 %, 23.20 W, 30
2026/07/03 05:25:41.597, NVIDIA GeForce RTX 3090, 20304 MiB, 24576 MiB, 0 %, 0 %, 77.33 W, 38
2026/07/03 05:25:42.599, NVIDIA GeForce RTX 3090, 20304 MiB, 24576 MiB, 100 %, 100 %, 345.92 W, 42
2026/07/03 05:25:43.601, NVIDIA GeForce RTX 3090, 20304 MiB, 24576 MiB, 100 %, 100 %, 348.15 W, 44
2026/07/03 05:25:44.602, NVIDIA GeForce RTX 3090, 20304 MiB, 24576 MiB, 100 %, 23 %, 347.08 W, 45
2026/07/03 05:25:45.605, NVIDIA GeForce RTX 3090, 20304 MiB, 24576 MiB, 100 %, 100 %, 348.49 W, 46
2026/07/03 05:25:46.606, NVIDIA GeForce RTX 3090, 20304 MiB, 24576 MiB, 100 %, 100 %, 349.05 W, 46
2026/07/03 05:25:47.608, NVIDIA GeForce RTX 3090, 20304 MiB, 24576 MiB, 100 %, 100 %, 348.26 W, 47
2026/07/03 05:25:48.610, NVIDIA GeForce RTX 3090, 20304 MiB, 24576 MiB, 100 %, 100 %, 348.43 W, 47
2026/07/03 05:25:49.613, NVIDIA GeForce RTX 3090, 20304 MiB, 24576 MiB, 100 %, 100 %, 348.47 W, 48
2026/07/03 05:25:50.615, NVIDIA GeForce RTX 3090, 20304 MiB, 24576 MiB, 100 %, 100 %, 348.72 W, 48
2026/07/03 05:25:51.617, NVIDIA GeForce RTX 3090, 20304 MiB, 24576 MiB, 100 %, 100 %, 349.04 W, 49
2026/07/03 05:25:52.618, NVIDIA GeForce RTX 3090, 20304 MiB, 24576 MiB, 84 %, 19 %, 348.83 W, 50
2026/07/03 05:25:53.620, NVIDIA GeForce RTX 3090, 20304 MiB, 24576 MiB, 100 %, 100 %, 349.41 W, 50
2026/07/03 05:25:54.622, NVIDIA GeForce RTX 3090, 20304 MiB, 24576 MiB, 100 %, 100 %, 349.81 W, 50
2026/07/03 05:25:55.623, NVIDIA GeForce RTX 3090, 20304 MiB, 24576 MiB, 100 %, 100 %, 348.86 W, 51
2026/07/03 05:25:56.625, NVIDIA GeForce RTX 3090, 20304 MiB, 24576 MiB, 100 %, 100 %, 348.86 W, 51
2026/07/03 05:25:57.626, NVIDIA GeForce RTX 3090, 20304 MiB, 24576 MiB, 100 %, 100 %, 346.31 W, 52
2026/07/03 05:25:58.628, NVIDIA GeForce RTX 3090, 20304 MiB, 24576 MiB, 100 %, 100 %, 349.37 W, 52
2026/07/03 05:25:59.630, NVIDIA GeForce RTX 3090, 20304 MiB, 24576 MiB, 100 %, 100 %, 348.88 W, 52
2026/07/03 05:26:00.631, NVIDIA GeForce RTX 3090, 20304 MiB, 24576 MiB, 91 %, 93 %, 348.32 W, 53
2026/07/03 05:26:01.633, NVIDIA GeForce RTX 3090, 20304 MiB, 24576 MiB, 100 %, 100 %, 349.88 W, 53
2026/07/03 05:26:02.635, NVIDIA GeForce RTX 3090, 20304 MiB, 24576 MiB, 100 %, 100 %, 349.54 W, 53
2026/07/03 05:26:03.636, NVIDIA GeForce RTX 3090, 20304 MiB, 24576 MiB, 100 %, 84 %, 349.78 W, 54
2026/07/03 05:26:04.638, NVIDIA GeForce RTX 3090, 20304 MiB, 24576 MiB, 100 %, 100 %, 349.55 W, 54
2026/07/03 05:26:05.640, NVIDIA GeForce RTX 3090, 20304 MiB, 24576 MiB, 100 %, 100 %, 348.30 W, 55
2026/07/03 05:26:06.642, NVIDIA GeForce RTX 3090, 20304 MiB, 24576 MiB, 100 %, 100 %, 349.40 W, 54
2026/07/03 05:26:07.644, NVIDIA GeForce RTX 3090, 20304 MiB, 24576 MiB, 100 %, 100 %, 349.13 W, 55
2026/07/03 05:26:08.646, NVIDIA GeForce RTX 3090, 20304 MiB, 24576 MiB, 100 %, 100 %, 347.83 W, 55
2026/07/03 05:26:09.648, NVIDIA GeForce RTX 3090, 20304 MiB, 24576 MiB, 100 %, 100 %, 349.36 W, 55
2026/07/03 05:26:10.650, NVIDIA GeForce RTX 3090, 20304 MiB, 24576 MiB, 100 %, 100 %, 349.46 W, 56
2026/07/03 05:26:11.652, NVIDIA GeForce RTX 3090, 20304 MiB, 24576 MiB, 100 %, 30 %, 349.39 W, 56
2026/07/03 05:26:12.653, NVIDIA GeForce RTX 3090, 20304 MiB, 24576 MiB, 100 %, 100 %, 349.46 W, 56
2026/07/03 05:26:13.655, NVIDIA GeForce RTX 3090, 20304 MiB, 24576 MiB, 100 %, 100 %, 345.97 W, 56
2026/07/03 05:26:14.657, NVIDIA GeForce RTX 3090, 20304 MiB, 24576 MiB, 100 %, 100 %, 347.68 W, 56
2026/07/03 05:26:15.659, NVIDIA GeForce RTX 3090, 20304 MiB, 24576 MiB, 100 %, 100 %, 348.47 W, 57
2026/07/03 05:26:16.661, NVIDIA GeForce RTX 3090, 20304 MiB, 24576 MiB, 100 %, 100 %, 348.36 W, 57
2026/07/03 05:26:17.663, NVIDIA GeForce RTX 3090, 20304 MiB, 24576 MiB, 100 %, 100 %, 349.02 W, 57
2026/07/03 05:26:18.665, NVIDIA GeForce RTX 3090, 20304 MiB, 24576 MiB, 100 %, 100 %, 349.25 W, 57
2026/07/03 05:26:19.667, NVIDIA GeForce RTX 3090, 20304 MiB, 24576 MiB, 100 %, 23 %, 349.50 W, 58
2026/07/03 05:26:20.669, NVIDIA GeForce RTX 3090, 20304 MiB, 24576 MiB, 100 %, 100 %, 349.65 W, 58
2026/07/03 05:26:21.670, NVIDIA GeForce RTX 3090, 20304 MiB, 24576 MiB, 100 %, 100 %, 349.16 W, 58
2026/07/03 05:26:22.672, NVIDIA GeForce RTX 3090, 20304 MiB, 24576 MiB, 100 %, 100 %, 348.67 W, 58
2026/07/03 05:26:23.674, NVIDIA GeForce RTX 3090, 20304 MiB, 24576 MiB, 100 %, 100 %, 348.64 W, 58
2026/07/03 05:26:24.676, NVIDIA GeForce RTX 3090, 20304 MiB, 24576 MiB, 100 %, 100 %, 347.34 W, 59
2026/07/03 05:26:25.678, NVIDIA GeForce RTX 3090, 20304 MiB, 24576 MiB, 100 %, 100 %, 349.17 W, 58
2026/07/03 05:26:26.679, NVIDIA GeForce RTX 3090, 20304 MiB, 24576 MiB, 100 %, 100 %, 349.16 W, 58
2026/07/03 05:26:27.682, NVIDIA GeForce RTX 3090, 20304 MiB, 24576 MiB, 80 %, 47 %, 349.01 W, 59
2026/07/03 05:26:28.684, NVIDIA GeForce RTX 3090, 20304 MiB, 24576 MiB, 100 %, 100 %, 349.24 W, 59
2026/07/03 05:26:29.686, NVIDIA GeForce RTX 3090, 20304 MiB, 24576 MiB, 100 %, 100 %, 349.26 W, 59
2026/07/03 05:26:30.687, NVIDIA GeForce RTX 3090, 20304 MiB, 24576 MiB, 100 %, 100 %, 349.23 W, 59
2026/07/03 05:26:31.689, NVIDIA GeForce RTX 3090, 20304 MiB, 24576 MiB, 100 %, 100 %, 348.89 W, 59
2026/07/03 05:26:32.690, NVIDIA GeForce RTX 3090, 20304 MiB, 24576 MiB, 100 %, 100 %, 346.49 W, 60
2026/07/03 05:26:33.691, NVIDIA GeForce RTX 3090, 20304 MiB, 24576 MiB, 100 %, 100 %, 349.81 W, 59
2026/07/03 05:26:34.693, NVIDIA GeForce RTX 3090, 20304 MiB, 24576 MiB, 100 %, 100 %, 349.48 W, 60
2026/07/03 05:26:35.695, NVIDIA GeForce RTX 3090, 20304 MiB, 24576 MiB, 100 %, 100 %, 348.51 W, 60
2026/07/03 05:26:36.697, NVIDIA GeForce RTX 3090, 20304 MiB, 24576 MiB, 100 %, 100 %, 349.27 W, 60
2026/07/03 05:26:37.698, NVIDIA GeForce RTX 3090, 20304 MiB, 24576 MiB, 100 %, 100 %, 349.43 W, 60
2026/07/03 05:26:38.700, NVIDIA GeForce RTX 3090, 20304 MiB, 24576 MiB, 100 %, 44 %, 349.24 W, 60
2026/07/03 05:26:39.703, NVIDIA GeForce RTX 3090, 20304 MiB, 24576 MiB, 100 %, 100 %, 349.35 W, 60
2026/07/03 05:26:40.705, NVIDIA GeForce RTX 3090, 20304 MiB, 24576 MiB, 100 %, 100 %, 347.71 W, 61
2026/07/03 05:26:41.706, NVIDIA GeForce RTX 3090, 20304 MiB, 24576 MiB, 100 %, 100 %, 348.16 W, 60
2026/07/03 05:26:42.708, NVIDIA GeForce RTX 3090, 20304 MiB, 24576 MiB, 100 %, 100 %, 349.41 W, 60
2026/07/03 05:26:43.710, NVIDIA GeForce RTX 3090, 20304 MiB, 24576 MiB, 100 %, 100 %, 348.79 W, 61
2026/07/03 05:26:44.712, NVIDIA GeForce RTX 3090, 20304 MiB, 24576 MiB, 100 %, 100 %, 349.11 W, 61
2026/07/03 05:26:45.713, NVIDIA GeForce RTX 3090, 20304 MiB, 24576 MiB, 100 %, 100 %, 349.66 W, 61
2026/07/03 05:26:46.715, NVIDIA GeForce RTX 3090, 20304 MiB, 24576 MiB, 100 %, 23 %, 349.38 W, 61
2026/07/03 05:26:47.717, NVIDIA GeForce RTX 3090, 20304 MiB, 24576 MiB, 100 %, 100 %, 349.40 W, 61
2026/07/03 05:26:48.719, NVIDIA GeForce RTX 3090, 20304 MiB, 24576 MiB, 100 %, 100 %, 349.48 W, 61
2026/07/03 05:26:49.721, NVIDIA GeForce RTX 3090, 20304 MiB, 24576 MiB, 100 %, 100 %, 348.64 W, 61
2026/07/03 05:26:50.723, NVIDIA GeForce RTX 3090, 20304 MiB, 24576 MiB, 100 %, 100 %, 348.99 W, 61
2026/07/03 05:26:51.725, NVIDIA GeForce RTX 3090, 20304 MiB, 24576 MiB, 100 %, 100 %, 348.06 W, 62
2026/07/03 05:26:52.726, NVIDIA GeForce RTX 3090, 20304 MiB, 24576 MiB, 100 %, 100 %, 349.90 W, 61
2026/07/03 05:26:53.728, NVIDIA GeForce RTX 3090, 20304 MiB, 24576 MiB, 100 %, 100 %, 349.64 W, 61
2026/07/03 05:26:54.731, NVIDIA GeForce RTX 3090, 20304 MiB, 24576 MiB, 85 %, 66 %, 349.24 W, 62
2026/07/03 05:26:55.732, NVIDIA GeForce RTX 3090, 20304 MiB, 24576 MiB, 100 %, 100 %, 349.66 W, 62
2026/07/03 05:26:56.734, NVIDIA GeForce RTX 3090, 20304 MiB, 24576 MiB, 100 %, 100 %, 349.60 W, 61
2026/07/03 05:26:57.736, NVIDIA GeForce RTX 3090, 20304 MiB, 24576 MiB, 100 %, 100 %, 349.68 W, 62
2026/07/03 05:26:58.738, NVIDIA GeForce RTX 3090, 20304 MiB, 24576 MiB, 100 %, 100 %, 349.30 W, 62
2026/07/03 05:26:59.740, NVIDIA GeForce RTX 3090, 20304 MiB, 24576 MiB, 100 %, 100 %, 348.36 W, 62
2026/07/03 05:27:00.741, NVIDIA GeForce RTX 3090, 20304 MiB, 24576 MiB, 100 %, 100 %, 350.94 W, 62
2026/07/03 05:27:01.743, NVIDIA GeForce RTX 3090, 20304 MiB, 24576 MiB, 100 %, 100 %, 349.46 W, 62
2026/07/03 05:27:02.745, NVIDIA GeForce RTX 3090, 20304 MiB, 24576 MiB, 100 %, 100 %, 348.44 W, 62
2026/07/03 05:27:03.747, NVIDIA GeForce RTX 3090, 20304 MiB, 24576 MiB, 100 %, 100 %, 349.95 W, 62
2026/07/03 05:27:04.749, NVIDIA GeForce RTX 3090, 20304 MiB, 24576 MiB, 100 %, 100 %, 349.76 W, 62
2026/07/03 05:27:05.751, NVIDIA GeForce RTX 3090, 20304 MiB, 24576 MiB, 100 %, 23 %, 349.45 W, 62
2026/07/03 05:27:06.753, NVIDIA GeForce RTX 3090, 20304 MiB, 24576 MiB, 100 %, 100 %, 349.92 W, 62
2026/07/03 05:27:07.755, NVIDIA GeForce RTX 3090, 20304 MiB, 24576 MiB, 100 %, 100 %, 349.52 W, 62
2026/07/03 05:27:08.757, NVIDIA GeForce RTX 3090, 20304 MiB, 24576 MiB, 100 %, 100 %, 347.58 W, 62
2026/07/03 05:27:09.759, NVIDIA GeForce RTX 3090, 20304 MiB, 24576 MiB, 100 %, 100 %, 347.81 W, 62
2026/07/03 05:27:10.760, NVIDIA GeForce RTX 3090, 20304 MiB, 24576 MiB, 100 %, 100 %, 348.21 W, 63
2026/07/03 05:27:11.761, NVIDIA GeForce RTX 3090, 20304 MiB, 24576 MiB, 100 %, 100 %, 349.47 W, 62
2026/07/03 05:27:12.763, NVIDIA GeForce RTX 3090, 20304 MiB, 24576 MiB, 100 %, 100 %, 349.52 W, 62
2026/07/03 05:27:13.765, NVIDIA GeForce RTX 3090, 20304 MiB, 24576 MiB, 81 %, 31 %, 349.58 W, 63
2026/07/03 05:27:14.767, NVIDIA GeForce RTX 3090, 20304 MiB, 24576 MiB, 100 %, 100 %, 349.54 W, 63
2026/07/03 05:27:15.769, NVIDIA GeForce RTX 3090, 20304 MiB, 24576 MiB, 100 %, 100 %, 349.26 W, 63
2026/07/03 05:27:16.770, NVIDIA GeForce RTX 3090, 20304 MiB, 24576 MiB, 100 %, 100 %, 348.07 W, 63
2026/07/03 05:27:17.771, NVIDIA GeForce RTX 3090, 20304 MiB, 24576 MiB, 100 %, 100 %, 348.22 W, 63
2026/07/03 05:27:18.773, NVIDIA GeForce RTX 3090, 20304 MiB, 24576 MiB, 100 %, 100 %, 348.02 W, 64
2026/07/03 05:27:19.775, NVIDIA GeForce RTX 3090, 20304 MiB, 24576 MiB, 100 %, 100 %, 349.75 W, 63
2026/07/03 05:27:20.776, NVIDIA GeForce RTX 3090, 20304 MiB, 24576 MiB, 100 %, 100 %, 349.66 W, 63
2026/07/03 05:27:21.778, NVIDIA GeForce RTX 3090, 20304 MiB, 24576 MiB, 100 %, 100 %, 349.77 W, 63
2026/07/03 05:27:22.780, NVIDIA GeForce RTX 3090, 20304 MiB, 24576 MiB, 100 %, 100 %, 349.89 W, 63
2026/07/03 05:27:23.781, NVIDIA GeForce RTX 3090, 20304 MiB, 24576 MiB, 100 %, 100 %, 349.54 W, 63
2026/07/03 05:27:24.782, NVIDIA GeForce RTX 3090, 20304 MiB, 24576 MiB, 100 %, 100 %, 349.83 W, 63
2026/07/03 05:27:25.784, NVIDIA GeForce RTX 3090, 20304 MiB, 24576 MiB, 100 %, 100 %, 349.26 W, 63
2026/07/03 05:27:26.786, NVIDIA GeForce RTX 3090, 20304 MiB, 24576 MiB, 100 %, 100 %, 347.23 W, 63
2026/07/03 05:27:27.788, NVIDIA GeForce RTX 3090, 20304 MiB, 24576 MiB, 100 %, 100 %, 350.77 W, 63
2026/07/03 05:27:28.790, NVIDIA GeForce RTX 3090, 20304 MiB, 24576 MiB, 100 %, 100 %, 349.50 W, 63
2026/07/03 05:27:29.792, NVIDIA GeForce RTX 3090, 20304 MiB, 24576 MiB, 100 %, 100 %, 349.67 W, 63
2026/07/03 05:27:30.793, NVIDIA GeForce RTX 3090, 20304 MiB, 24576 MiB, 100 %, 100 %, 349.76 W, 63
2026/07/03 05:27:31.795, NVIDIA GeForce RTX 3090, 20304 MiB, 24576 MiB, 100 %, 100 %, 349.79 W, 63
2026/07/03 05:27:32.796, NVIDIA GeForce RTX 3090, 20304 MiB, 24576 MiB, 100 %, 23 %, 349.73 W, 63
2026/07/03 05:27:33.798, NVIDIA GeForce RTX 3090, 20304 MiB, 24576 MiB, 100 %, 100 %, 349.79 W, 63
2026/07/03 05:27:34.799, NVIDIA GeForce RTX 3090, 20304 MiB, 24576 MiB, 100 %, 100 %, 349.20 W, 63
2026/07/03 05:27:35.800, NVIDIA GeForce RTX 3090, 20304 MiB, 24576 MiB, 100 %, 100 %, 347.49 W, 63
2026/07/03 05:27:36.801, NVIDIA GeForce RTX 3090, 20304 MiB, 24576 MiB, 100 %, 100 %, 348.08 W, 63
2026/07/03 05:27:37.802, NVIDIA GeForce RTX 3090, 20304 MiB, 24576 MiB, 100 %, 100 %, 348.20 W, 64
2026/07/03 05:27:38.803, NVIDIA GeForce RTX 3090, 20304 MiB, 24576 MiB, 100 %, 100 %, 348.97 W, 63
2026/07/03 05:27:39.804, NVIDIA GeForce RTX 3090, 20304 MiB, 24576 MiB, 100 %, 100 %, 349.03 W, 63
2026/07/03 05:27:40.805, NVIDIA GeForce RTX 3090, 20304 MiB, 24576 MiB, 82 %, 30 %, 348.89 W, 63
2026/07/03 05:27:41.806, NVIDIA GeForce RTX 3090, 20304 MiB, 24576 MiB, 100 %, 100 %, 349.14 W, 63
2026/07/03 05:27:42.807, NVIDIA GeForce RTX 3090, 20304 MiB, 24576 MiB, 100 %, 100 %, 349.35 W, 63
2026/07/03 05:27:43.808, NVIDIA GeForce RTX 3090, 20304 MiB, 24576 MiB, 100 %, 100 %, 349.35 W, 63
2026/07/03 05:27:44.809, NVIDIA GeForce RTX 3090, 20304 MiB, 24576 MiB, 100 %, 100 %, 349.24 W, 63
2026/07/03 05:27:45.810, NVIDIA GeForce RTX 3090, 20304 MiB, 24576 MiB, 100 %, 100 %, 347.41 W, 64
2026/07/03 05:27:46.812, NVIDIA GeForce RTX 3090, 20304 MiB, 24576 MiB, 100 %, 100 %, 349.77 W, 63
2026/07/03 05:27:47.813, NVIDIA GeForce RTX 3090, 20304 MiB, 24576 MiB, 100 %, 100 %, 349.23 W, 63
2026/07/03 05:27:48.815, NVIDIA GeForce RTX 3090, 20304 MiB, 24576 MiB, 100 %, 100 %, 348.95 W, 64
2026/07/03 05:27:49.817, NVIDIA GeForce RTX 3090, 20304 MiB, 24576 MiB, 100 %, 100 %, 349.59 W, 63
2026/07/03 05:27:50.819, NVIDIA GeForce RTX 3090, 20304 MiB, 24576 MiB, 100 %, 100 %, 349.31 W, 63
2026/07/03 05:27:51.821, NVIDIA GeForce RTX 3090, 20304 MiB, 24576 MiB, 100 %, 34 %, 350.00 W, 64
2026/07/03 05:27:52.823, NVIDIA GeForce RTX 3090, 20304 MiB, 24576 MiB, 100 %, 100 %, 349.43 W, 63
2026/07/03 05:27:53.824, NVIDIA GeForce RTX 3090, 20304 MiB, 24576 MiB, 100 %, 100 %, 345.93 W, 63
2026/07/03 05:27:54.827, NVIDIA GeForce RTX 3090, 20304 MiB, 24576 MiB, 100 %, 100 %, 347.60 W, 63
2026/07/03 05:27:55.829, NVIDIA GeForce RTX 3090, 20304 MiB, 24576 MiB, 100 %, 100 %, 348.82 W, 63
2026/07/03 05:27:56.830, NVIDIA GeForce RTX 3090, 20304 MiB, 24576 MiB, 100 %, 100 %, 348.53 W, 65
2026/07/03 05:27:57.831, NVIDIA GeForce RTX 3090, 20304 MiB, 24576 MiB, 100 %, 100 %, 349.28 W, 64
2026/07/03 05:27:58.833, NVIDIA GeForce RTX 3090, 20304 MiB, 24576 MiB, 100 %, 100 %, 349.27 W, 63
2026/07/03 05:27:59.835, NVIDIA GeForce RTX 3090, 20304 MiB, 24576 MiB, 92 %, 21 %, 349.17 W, 64
2026/07/03 05:28:00.837, NVIDIA GeForce RTX 3090, 20304 MiB, 24576 MiB, 100 %, 100 %, 349.50 W, 64
2026/07/03 05:28:01.839, NVIDIA GeForce RTX 3090, 20304 MiB, 24576 MiB, 100 %, 100 %, 349.41 W, 64
2026/07/03 05:28:02.841, NVIDIA GeForce RTX 3090, 20304 MiB, 24576 MiB, 100 %, 100 %, 349.29 W, 64
2026/07/03 05:28:03.843, NVIDIA GeForce RTX 3090, 20304 MiB, 24576 MiB, 100 %, 100 %, 348.91 W, 64
2026/07/03 05:28:04.845, NVIDIA GeForce RTX 3090, 20304 MiB, 24576 MiB, 100 %, 100 %, 348.31 W, 64
2026/07/03 05:28:05.847, NVIDIA GeForce RTX 3090, 20304 MiB, 24576 MiB, 100 %, 100 %, 349.86 W, 64
2026/07/03 05:28:06.849, NVIDIA GeForce RTX 3090, 20304 MiB, 24576 MiB, 100 %, 100 %, 349.63 W, 64
2026/07/03 05:28:07.851, NVIDIA GeForce RTX 3090, 20304 MiB, 24576 MiB, 100 %, 100 %, 349.19 W, 64
2026/07/03 05:28:08.852, NVIDIA GeForce RTX 3090, 20304 MiB, 24576 MiB, 100 %, 100 %, 349.31 W, 64
2026/07/03 05:28:09.854, NVIDIA GeForce RTX 3090, 20304 MiB, 24576 MiB, 100 %, 100 %, 348.97 W, 64
2026/07/03 05:28:10.856, NVIDIA GeForce RTX 3090, 20304 MiB, 24576 MiB, 100 %, 59 %, 349.21 W, 64
2026/07/03 05:28:11.857, NVIDIA GeForce RTX 3090, 20304 MiB, 24576 MiB, 100 %, 100 %, 349.22 W, 64
2026/07/03 05:28:12.859, NVIDIA GeForce RTX 3090, 20304 MiB, 24576 MiB, 100 %, 100 %, 346.76 W, 64
2026/07/03 05:28:13.861, NVIDIA GeForce RTX 3090, 20304 MiB, 24576 MiB, 100 %, 100 %, 347.23 W, 63
2026/07/03 05:28:14.863, NVIDIA GeForce RTX 3090, 20304 MiB, 24576 MiB, 100 %, 100 %, 349.12 W, 63
2026/07/03 05:28:15.865, NVIDIA GeForce RTX 3090, 20304 MiB, 24576 MiB, 100 %, 100 %, 348.51 W, 64
2026/07/03 05:28:16.867, NVIDIA GeForce RTX 3090, 20304 MiB, 24576 MiB, 100 %, 100 %, 349.32 W, 64
2026/07/03 05:28:17.869, NVIDIA GeForce RTX 3090, 20304 MiB, 24576 MiB, 100 %, 100 %, 349.50 W, 64
2026/07/03 05:28:18.870, NVIDIA GeForce RTX 3090, 20304 MiB, 24576 MiB, 100 %, 23 %, 349.41 W, 64
2026/07/03 05:28:19.936, NVIDIA GeForce RTX 3090, 20304 MiB, 24576 MiB, 100 %, 100 %, 349.69 W, 64
2026/07/03 05:28:20.938, NVIDIA GeForce RTX 3090, 20304 MiB, 24576 MiB, 100 %, 100 %, 349.51 W, 63
2026/07/03 05:28:21.940, NVIDIA GeForce RTX 3090, 20304 MiB, 24576 MiB, 100 %, 100 %, 348.78 W, 63
2026/07/03 05:28:22.941, NVIDIA GeForce RTX 3090, 20304 MiB, 24576 MiB, 100 %, 100 %, 348.73 W, 63
2026/07/03 05:28:23.944, NVIDIA GeForce RTX 3090, 20304 MiB, 24576 MiB, 100 %, 100 %, 346.21 W, 64
2026/07/03 05:28:24.946, NVIDIA GeForce RTX 3090, 20304 MiB, 24576 MiB, 100 %, 100 %, 349.29 W, 63
2026/07/03 05:28:25.947, NVIDIA GeForce RTX 3090, 20304 MiB, 24576 MiB, 100 %, 100 %, 349.19 W, 63
2026/07/03 05:28:26.951, NVIDIA GeForce RTX 3090, 20304 MiB, 24576 MiB, 87 %, 89 %, 349.36 W, 63
2026/07/03 05:28:27.955, NVIDIA GeForce RTX 3090, 20304 MiB, 24576 MiB, 100 %, 100 %, 349.16 W, 63
2026/07/03 05:28:28.957, NVIDIA GeForce RTX 3090, 20304 MiB, 24576 MiB, 100 %, 100 %, 349.15 W, 63
2026/07/03 05:28:29.959, NVIDIA GeForce RTX 3090, 20304 MiB, 24576 MiB, 100 %, 83 %, 348.97 W, 63
2026/07/03 05:28:30.961, NVIDIA GeForce RTX 3090, 20304 MiB, 24576 MiB, 100 %, 100 %, 349.16 W, 63
2026/07/03 05:28:31.963, NVIDIA GeForce RTX 3090, 20304 MiB, 24576 MiB, 100 %, 100 %, 347.70 W, 64
2026/07/03 05:28:32.965, NVIDIA GeForce RTX 3090, 20304 MiB, 24576 MiB, 100 %, 100 %, 347.47 W, 63
2026/07/03 05:28:33.967, NVIDIA GeForce RTX 3090, 20304 MiB, 24576 MiB, 100 %, 100 %, 349.41 W, 63
2026/07/03 05:28:34.969, NVIDIA GeForce RTX 3090, 20304 MiB, 24576 MiB, 100 %, 100 %, 348.82 W, 64
2026/07/03 05:28:35.971, NVIDIA GeForce RTX 3090, 20304 MiB, 24576 MiB, 100 %, 100 %, 348.62 W, 64
2026/07/03 05:28:36.974, NVIDIA GeForce RTX 3090, 20304 MiB, 24576 MiB, 100 %, 100 %, 349.32 W, 64
2026/07/03 05:28:37.975, NVIDIA GeForce RTX 3090, 20304 MiB, 24576 MiB, 100 %, 23 %, 349.68 W, 64
2026/07/03 05:28:38.977, NVIDIA GeForce RTX 3090, 20304 MiB, 24576 MiB, 100 %, 100 %, 349.48 W, 64
2026/07/03 05:28:39.979, NVIDIA GeForce RTX 3090, 20304 MiB, 24576 MiB, 100 %, 100 %, 349.36 W, 64
2026/07/03 05:28:40.981, NVIDIA GeForce RTX 3090, 20304 MiB, 24576 MiB, 100 %, 100 %, 348.22 W, 63
2026/07/03 05:28:41.983, NVIDIA GeForce RTX 3090, 20304 MiB, 24576 MiB, 100 %, 100 %, 348.48 W, 64
2026/07/03 05:28:42.985, NVIDIA GeForce RTX 3090, 20304 MiB, 24576 MiB, 100 %, 100 %, 347.90 W, 64
2026/07/03 05:28:43.987, NVIDIA GeForce RTX 3090, 20304 MiB, 24576 MiB, 100 %, 100 %, 349.38 W, 64
2026/07/03 05:28:44.989, NVIDIA GeForce RTX 3090, 20304 MiB, 24576 MiB, 100 %, 100 %, 349.32 W, 64
2026/07/03 05:28:45.991, NVIDIA GeForce RTX 3090, 20304 MiB, 24576 MiB, 83 %, 66 %, 349.15 W, 64
2026/07/03 05:28:46.993, NVIDIA GeForce RTX 3090, 20304 MiB, 24576 MiB, 100 %, 100 %, 349.13 W, 64
2026/07/03 05:28:47.995, NVIDIA GeForce RTX 3090, 20304 MiB, 24576 MiB, 100 %, 100 %, 349.05 W, 64
2026/07/03 05:28:48.998, NVIDIA GeForce RTX 3090, 20304 MiB, 24576 MiB, 100 %, 100 %, 349.34 W, 64
2026/07/03 05:28:49.999, NVIDIA GeForce RTX 3090, 20304 MiB, 24576 MiB, 100 %, 100 %, 349.21 W, 64
2026/07/03 05:28:51.001, NVIDIA GeForce RTX 3090, 20304 MiB, 24576 MiB, 100 %, 100 %, 347.45 W, 64
2026/07/03 05:28:52.003, NVIDIA GeForce RTX 3090, 20304 MiB, 24576 MiB, 100 %, 100 %, 350.39 W, 64
2026/07/03 05:28:53.005, NVIDIA GeForce RTX 3090, 20304 MiB, 24576 MiB, 100 %, 100 %, 349.36 W, 64
2026/07/03 05:28:54.007, NVIDIA GeForce RTX 3090, 20304 MiB, 24576 MiB, 100 %, 100 %, 348.73 W, 64
2026/07/03 05:28:55.011, NVIDIA GeForce RTX 3090, 20304 MiB, 24576 MiB, 100 %, 100 %, 349.78 W, 64
2026/07/03 05:28:56.013, NVIDIA GeForce RTX 3090, 20304 MiB, 24576 MiB, 100 %, 100 %, 349.73 W, 64
2026/07/03 05:28:57.016, NVIDIA GeForce RTX 3090, 20304 MiB, 24576 MiB, 100 %, 23 %, 349.64 W, 64
2026/07/03 05:28:58.017, NVIDIA GeForce RTX 3090, 20304 MiB, 24576 MiB, 100 %, 100 %, 349.59 W, 64
2026/07/03 05:28:59.019, NVIDIA GeForce RTX 3090, 20304 MiB, 24576 MiB, 100 %, 100 %, 349.61 W, 64
2026/07/03 05:29:00.021, NVIDIA GeForce RTX 3090, 20304 MiB, 24576 MiB, 100 %, 100 %, 347.93 W, 63
2026/07/03 05:29:01.023, NVIDIA GeForce RTX 3090, 20304 MiB, 24576 MiB, 100 %, 100 %, 348.33 W, 63
2026/07/03 05:29:02.024, NVIDIA GeForce RTX 3090, 20304 MiB, 24576 MiB, 100 %, 100 %, 347.59 W, 64
2026/07/03 05:29:03.026, NVIDIA GeForce RTX 3090, 20304 MiB, 24576 MiB, 100 %, 100 %, 349.30 W, 63
2026/07/03 05:29:04.028, NVIDIA GeForce RTX 3090, 20304 MiB, 24576 MiB, 100 %, 100 %, 349.41 W, 63
2026/07/03 05:29:05.029, NVIDIA GeForce RTX 3090, 20304 MiB, 24576 MiB, 81 %, 52 %, 349.00 W, 64
2026/07/03 05:29:06.031, NVIDIA GeForce RTX 3090, 20304 MiB, 24576 MiB, 100 %, 100 %, 349.31 W, 63
2026/07/03 05:29:07.033, NVIDIA GeForce RTX 3090, 20304 MiB, 24576 MiB, 100 %, 100 %, 349.20 W, 63
2026/07/03 05:29:08.035, NVIDIA GeForce RTX 3090, 20304 MiB, 24576 MiB, 100 %, 100 %, 349.15 W, 63
2026/07/03 05:29:09.036, NVIDIA GeForce RTX 3090, 20304 MiB, 24576 MiB, 100 %, 100 %, 349.00 W, 63
2026/07/03 05:29:10.038, NVIDIA GeForce RTX 3090, 20304 MiB, 24576 MiB, 100 %, 100 %, 347.02 W, 64
2026/07/03 05:29:11.041, NVIDIA GeForce RTX 3090, 20304 MiB, 24576 MiB, 100 %, 100 %, 351.10 W, 63
2026/07/03 05:29:12.043, NVIDIA GeForce RTX 3090, 20304 MiB, 24576 MiB, 100 %, 100 %, 349.29 W, 63
2026/07/03 05:29:13.045, NVIDIA GeForce RTX 3090, 20304 MiB, 24576 MiB, 100 %, 100 %, 347.34 W, 63
2026/07/03 05:29:14.047, NVIDIA GeForce RTX 3090, 20304 MiB, 24576 MiB, 100 %, 100 %, 349.87 W, 63
2026/07/03 05:29:15.049, NVIDIA GeForce RTX 3090, 20304 MiB, 24576 MiB, 100 %, 100 %, 349.45 W, 63
2026/07/03 05:29:16.051, NVIDIA GeForce RTX 3090, 20304 MiB, 24576 MiB, 100 %, 23 %, 349.68 W, 63
2026/07/03 05:29:17.052, NVIDIA GeForce RTX 3090, 20304 MiB, 24576 MiB, 100 %, 100 %, 349.22 W, 63
2026/07/03 05:29:18.054, NVIDIA GeForce RTX 3090, 20304 MiB, 24576 MiB, 100 %, 100 %, 349.18 W, 63
2026/07/03 05:29:19.056, NVIDIA GeForce RTX 3090, 20304 MiB, 24576 MiB, 100 %, 100 %, 349.46 W, 63
2026/07/03 05:29:20.057, NVIDIA GeForce RTX 3090, 20304 MiB, 24576 MiB, 100 %, 100 %, 349.46 W, 63
2026/07/03 05:29:21.058, NVIDIA GeForce RTX 3090, 20304 MiB, 24576 MiB, 100 %, 100 %, 349.45 W, 63
2026/07/03 05:29:22.060, NVIDIA GeForce RTX 3090, 20304 MiB, 24576 MiB, 100 %, 100 %, 349.57 W, 63
2026/07/03 05:29:23.061, NVIDIA GeForce RTX 3090, 20304 MiB, 24576 MiB, 79 %, 51 %, 346.94 W, 64
2026/07/03 05:29:24.063, NVIDIA GeForce RTX 3090, 20304 MiB, 24576 MiB, 100 %, 100 %, 347.42 W, 63
2026/07/03 05:29:25.065, NVIDIA GeForce RTX 3090, 20304 MiB, 24576 MiB, 100 %, 100 %, 349.14 W, 63
2026/07/03 05:29:26.067, NVIDIA GeForce RTX 3090, 20304 MiB, 24576 MiB, 100 %, 100 %, 348.34 W, 64
2026/07/03 05:29:27.069, NVIDIA GeForce RTX 3090, 20304 MiB, 24576 MiB, 100 %, 100 %, 349.64 W, 63
2026/07/03 05:29:28.071, NVIDIA GeForce RTX 3090, 20304 MiB, 24576 MiB, 100 %, 100 %, 349.47 W, 63
2026/07/03 05:29:29.072, NVIDIA GeForce RTX 3090, 20304 MiB, 24576 MiB, 100 %, 100 %, 349.57 W, 63
2026/07/03 05:29:30.074, NVIDIA GeForce RTX 3090, 20304 MiB, 24576 MiB, 100 %, 100 %, 349.54 W, 63
2026/07/03 05:29:31.076, NVIDIA GeForce RTX 3090, 20304 MiB, 24576 MiB, 100 %, 100 %, 349.54 W, 63
2026/07/03 05:29:32.082, NVIDIA GeForce RTX 3090, 20304 MiB, 24576 MiB, 100 %, 100 %, 348.77 W, 63
2026/07/03 05:29:33.084, NVIDIA GeForce RTX 3090, 20304 MiB, 24576 MiB, 100 %, 100 %, 348.68 W, 63
2026/07/03 05:29:34.086, NVIDIA GeForce RTX 3090, 20304 MiB, 24576 MiB, 100 %, 23 %, 347.14 W, 64
2026/07/03 05:29:35.088, NVIDIA GeForce RTX 3090, 20304 MiB, 24576 MiB, 100 %, 100 %, 349.12 W, 63
2026/07/03 05:29:36.090, NVIDIA GeForce RTX 3090, 20304 MiB, 24576 MiB, 100 %, 100 %, 349.33 W, 63
2026/07/03 05:29:37.091, NVIDIA GeForce RTX 3090, 20304 MiB, 24576 MiB, 100 %, 100 %, 349.02 W, 63
2026/07/03 05:29:38.093, NVIDIA GeForce RTX 3090, 20304 MiB, 24576 MiB, 100 %, 100 %, 349.30 W, 63
2026/07/03 05:29:39.096, NVIDIA GeForce RTX 3090, 20304 MiB, 24576 MiB, 100 %, 100 %, 349.45 W, 63
2026/07/03 05:29:40.097, NVIDIA GeForce RTX 3090, 20304 MiB, 24576 MiB, 100 %, 100 %, 349.71 W, 63
2026/07/03 05:29:41.099, NVIDIA GeForce RTX 3090, 20304 MiB, 24576 MiB, 100 %, 100 %, 349.40 W, 63
2026/07/03 05:29:42.101, NVIDIA GeForce RTX 3090, 20304 MiB, 24576 MiB, 81 %, 35 %, 347.40 W, 63
2026/07/03 05:29:43.103, NVIDIA GeForce RTX 3090, 20304 MiB, 24576 MiB, 100 %, 100 %, 347.65 W, 63
2026/07/03 05:29:44.105, NVIDIA GeForce RTX 3090, 20304 MiB, 24576 MiB, 100 %, 100 %, 349.13 W, 63
2026/07/03 05:29:45.107, NVIDIA GeForce RTX 3090, 20304 MiB, 24576 MiB, 100 %, 100 %, 348.15 W, 63
2026/07/03 05:29:46.109, NVIDIA GeForce RTX 3090, 20304 MiB, 24576 MiB, 100 %, 100 %, 349.15 W, 63
2026/07/03 05:29:47.111, NVIDIA GeForce RTX 3090, 20304 MiB, 24576 MiB, 100 %, 100 %, 349.61 W, 63
2026/07/03 05:29:48.113, NVIDIA GeForce RTX 3090, 20304 MiB, 24576 MiB, 100 %, 100 %, 349.35 W, 63
2026/07/03 05:29:49.115, NVIDIA GeForce RTX 3090, 20304 MiB, 24576 MiB, 100 %, 100 %, 349.72 W, 63
2026/07/03 05:29:50.117, NVIDIA GeForce RTX 3090, 20304 MiB, 24576 MiB, 100 %, 100 %, 349.33 W, 63
2026/07/03 05:29:51.119, NVIDIA GeForce RTX 3090, 20304 MiB, 24576 MiB, 100 %, 100 %, 348.87 W, 62
2026/07/03 05:29:52.121, NVIDIA GeForce RTX 3090, 20304 MiB, 24576 MiB, 100 %, 100 %, 348.40 W, 63
2026/07/03 05:29:53.123, NVIDIA GeForce RTX 3090, 20304 MiB, 24576 MiB, 100 %, 23 %, 346.38 W, 64
2026/07/03 05:29:54.125, NVIDIA GeForce RTX 3090, 20304 MiB, 24576 MiB, 100 %, 100 %, 349.60 W, 63
2026/07/03 05:29:55.127, NVIDIA GeForce RTX 3090, 20304 MiB, 24576 MiB, 100 %, 100 %, 349.28 W, 63
2026/07/03 05:29:56.129, NVIDIA GeForce RTX 3090, 20304 MiB, 24576 MiB, 100 %, 100 %, 349.22 W, 63
2026/07/03 05:29:57.131, NVIDIA GeForce RTX 3090, 20304 MiB, 24576 MiB, 100 %, 100 %, 349.22 W, 63
2026/07/03 05:29:58.133, NVIDIA GeForce RTX 3090, 20304 MiB, 24576 MiB, 100 %, 100 %, 349.16 W, 63
2026/07/03 05:29:59.134, NVIDIA GeForce RTX 3090, 20304 MiB, 24576 MiB, 100 %, 100 %, 349.21 W, 63
2026/07/03 05:30:00.136, NVIDIA GeForce RTX 3090, 20304 MiB, 24576 MiB, 100 %, 100 %, 349.02 W, 63
2026/07/03 05:30:01.138, NVIDIA GeForce RTX 3090, 20304 MiB, 24576 MiB, 83 %, 26 %, 347.94 W, 63
2026/07/03 05:30:02.140, NVIDIA GeForce RTX 3090, 20304 MiB, 24576 MiB, 100 %, 100 %, 347.81 W, 63
2026/07/03 05:30:03.143, NVIDIA GeForce RTX 3090, 20304 MiB, 24576 MiB, 100 %, 100 %, 349.10 W, 62
2026/07/03 05:30:04.145, NVIDIA GeForce RTX 3090, 20304 MiB, 24576 MiB, 100 %, 100 %, 348.26 W, 63
2026/07/03 05:30:05.146, NVIDIA GeForce RTX 3090, 20304 MiB, 24576 MiB, 100 %, 100 %, 349.66 W, 62
2026/07/03 05:30:06.148, NVIDIA GeForce RTX 3090, 20304 MiB, 24576 MiB, 100 %, 100 %, 349.29 W, 63
2026/07/03 05:30:07.152, NVIDIA GeForce RTX 3090, 20371 MiB, 24576 MiB, 100 %, 100 %, 349.34 W, 63
2026/07/03 05:30:08.153, NVIDIA GeForce RTX 3090, 20304 MiB, 24576 MiB, 100 %, 100 %, 349.48 W, 62
2026/07/03 05:30:09.451, NVIDIA GeForce RTX 3090, 20304 MiB, 24576 MiB, 100 %, 100 %, 349.39 W, 62
2026/07/03 05:30:10.452, NVIDIA GeForce RTX 3090, 20304 MiB, 24576 MiB, 100 %, 100 %, 348.50 W, 62
2026/07/03 05:30:11.457, NVIDIA GeForce RTX 3090, 20304 MiB, 24576 MiB, 100 %, 100 %, 348.43 W, 62
2026/07/03 05:30:12.459, NVIDIA GeForce RTX 3090, 20304 MiB, 24576 MiB, 100 %, 32 %, 348.41 W, 63
2026/07/03 05:30:13.461, NVIDIA GeForce RTX 3090, 20304 MiB, 24576 MiB, 100 %, 100 %, 349.30 W, 62
2026/07/03 05:30:14.464, NVIDIA GeForce RTX 3090, 20304 MiB, 24576 MiB, 100 %, 100 %, 349.51 W, 62
2026/07/03 05:30:15.465, NVIDIA GeForce RTX 3090, 20304 MiB, 24576 MiB, 100 %, 100 %, 349.04 W, 62
2026/07/03 05:30:16.467, NVIDIA GeForce RTX 3090, 20304 MiB, 24576 MiB, 100 %, 100 %, 349.61 W, 62
2026/07/03 05:30:17.469, NVIDIA GeForce RTX 3090, 20304 MiB, 24576 MiB, 100 %, 100 %, 349.75 W, 62
2026/07/03 05:30:18.470, NVIDIA GeForce RTX 3090, 20304 MiB, 24576 MiB, 100 %, 100 %, 349.50 W, 62
2026/07/03 05:30:19.472, NVIDIA GeForce RTX 3090, 20304 MiB, 24576 MiB, 100 %, 100 %, 349.22 W, 62
2026/07/03 05:30:20.474, NVIDIA GeForce RTX 3090, 20304 MiB, 24576 MiB, 93 %, 22 %, 347.35 W, 63
2026/07/03 05:30:21.475, NVIDIA GeForce RTX 3090, 20304 MiB, 24576 MiB, 100 %, 100 %, 349.19 W, 62
2026/07/03 05:30:22.477, NVIDIA GeForce RTX 3090, 20304 MiB, 24576 MiB, 100 %, 100 %, 349.18 W, 62
2026/07/03 05:30:23.479, NVIDIA GeForce RTX 3090, 20304 MiB, 24576 MiB, 100 %, 100 %, 349.35 W, 62
2026/07/03 05:30:24.481, NVIDIA GeForce RTX 3090, 20304 MiB, 24576 MiB, 100 %, 100 %, 349.45 W, 62
2026/07/03 05:30:25.483, NVIDIA GeForce RTX 3090, 20304 MiB, 24576 MiB, 100 %, 100 %, 349.36 W, 62
2026/07/03 05:30:26.485, NVIDIA GeForce RTX 3090, 20304 MiB, 24576 MiB, 100 %, 100 %, 349.24 W, 62
2026/07/03 05:30:27.486, NVIDIA GeForce RTX 3090, 20304 MiB, 24576 MiB, 100 %, 100 %, 349.28 W, 62
2026/07/03 05:30:28.488, NVIDIA GeForce RTX 3090, 20304 MiB, 24576 MiB, 100 %, 100 %, 349.44 W, 62
2026/07/03 05:30:29.489, NVIDIA GeForce RTX 3090, 20304 MiB, 24576 MiB, 100 %, 100 %, 347.94 W, 62
2026/07/03 05:30:30.491, NVIDIA GeForce RTX 3090, 20304 MiB, 24576 MiB, 100 %, 100 %, 348.26 W, 62
2026/07/03 05:30:31.493, NVIDIA GeForce RTX 3090, 20304 MiB, 24576 MiB, 100 %, 67 %, 348.69 W, 62
2026/07/03 05:30:32.495, NVIDIA GeForce RTX 3090, 20304 MiB, 24576 MiB, 100 %, 100 %, 349.44 W, 62
2026/07/03 05:30:33.496, NVIDIA GeForce RTX 3090, 20304 MiB, 24576 MiB, 100 %, 100 %, 349.49 W, 62
2026/07/03 05:30:34.498, NVIDIA GeForce RTX 3090, 20304 MiB, 24576 MiB, 100 %, 100 %, 349.35 W, 62
2026/07/03 05:30:35.501, NVIDIA GeForce RTX 3090, 20304 MiB, 24576 MiB, 100 %, 100 %, 349.29 W, 62
2026/07/03 05:30:36.502, NVIDIA GeForce RTX 3090, 20304 MiB, 24576 MiB, 100 %, 100 %, 349.32 W, 62
2026/07/03 05:30:37.503, NVIDIA GeForce RTX 3090, 20304 MiB, 24576 MiB, 100 %, 100 %, 349.37 W, 62
2026/07/03 05:30:38.505, NVIDIA GeForce RTX 3090, 20304 MiB, 24576 MiB, 100 %, 100 %, 349.06 W, 62
2026/07/03 05:30:39.507, NVIDIA GeForce RTX 3090, 20304 MiB, 24576 MiB, 100 %, 23 %, 346.86 W, 63
2026/07/03 05:30:40.508, NVIDIA GeForce RTX 3090, 20304 MiB, 24576 MiB, 100 %, 100 %, 349.82 W, 62
2026/07/03 05:30:41.510, NVIDIA GeForce RTX 3090, 20304 MiB, 24576 MiB, 100 %, 100 %, 349.17 W, 62
2026/07/03 05:30:42.511, NVIDIA GeForce RTX 3090, 20304 MiB, 24576 MiB, 100 %, 100 %, 349.03 W, 62
2026/07/03 05:30:43.513, NVIDIA GeForce RTX 3090, 20304 MiB, 24576 MiB, 100 %, 100 %, 349.26 W, 62
2026/07/03 05:30:44.515, NVIDIA GeForce RTX 3090, 20304 MiB, 24576 MiB, 100 %, 100 %, 349.32 W, 62
2026/07/03 05:30:45.517, NVIDIA GeForce RTX 3090, 20304 MiB, 24576 MiB, 100 %, 100 %, 349.32 W, 62
2026/07/03 05:30:46.518, NVIDIA GeForce RTX 3090, 20304 MiB, 24576 MiB, 100 %, 100 %, 349.21 W, 62
2026/07/03 05:30:47.520, NVIDIA GeForce RTX 3090, 20304 MiB, 24576 MiB, 80 %, 78 %, 345.48 W, 61
2026/07/03 05:30:48.522, NVIDIA GeForce RTX 3090, 20304 MiB, 24576 MiB, 100 %, 100 %, 347.16 W, 62
2026/07/03 05:30:49.523, NVIDIA GeForce RTX 3090, 20304 MiB, 24576 MiB, 100 %, 100 %, 348.54 W, 62
2026/07/03 05:30:50.525, NVIDIA GeForce RTX 3090, 20304 MiB, 24576 MiB, 100 %, 90 %, 347.71 W, 62
2026/07/03 05:30:51.527, NVIDIA GeForce RTX 3090, 20304 MiB, 24576 MiB, 100 %, 100 %, 349.38 W, 62
2026/07/03 05:30:52.530, NVIDIA GeForce RTX 3090, 20304 MiB, 24576 MiB, 100 %, 100 %, 349.58 W, 62
2026/07/03 05:30:53.531, NVIDIA GeForce RTX 3090, 20304 MiB, 24576 MiB, 100 %, 100 %, 349.30 W, 62
2026/07/03 05:30:54.533, NVIDIA GeForce RTX 3090, 20304 MiB, 24576 MiB, 100 %, 100 %, 349.19 W, 62
2026/07/03 05:30:55.535, NVIDIA GeForce RTX 3090, 20304 MiB, 24576 MiB, 100 %, 100 %, 349.41 W, 62
2026/07/03 05:30:56.536, NVIDIA GeForce RTX 3090, 20304 MiB, 24576 MiB, 100 %, 100 %, 349.05 W, 62
2026/07/03 05:30:57.538, NVIDIA GeForce RTX 3090, 20304 MiB, 24576 MiB, 100 %, 100 %, 348.77 W, 62
2026/07/03 05:30:58.539, NVIDIA GeForce RTX 3090, 20304 MiB, 24576 MiB, 100 %, 23 %, 348.19 W, 63
2026/07/03 05:30:59.541, NVIDIA GeForce RTX 3090, 20304 MiB, 24576 MiB, 100 %, 100 %, 349.52 W, 62
2026/07/03 05:31:00.542, NVIDIA GeForce RTX 3090, 20304 MiB, 24576 MiB, 100 %, 100 %, 349.52 W, 62
2026/07/03 05:31:01.544, NVIDIA GeForce RTX 3090, 20304 MiB, 24576 MiB, 100 %, 100 %, 349.71 W, 62
2026/07/03 05:31:02.546, NVIDIA GeForce RTX 3090, 20304 MiB, 24576 MiB, 100 %, 100 %, 349.33 W, 62
2026/07/03 05:31:03.548, NVIDIA GeForce RTX 3090, 20304 MiB, 24576 MiB, 100 %, 100 %, 349.20 W, 62
2026/07/03 05:31:04.550, NVIDIA GeForce RTX 3090, 20304 MiB, 24576 MiB, 100 %, 100 %, 349.40 W, 62
2026/07/03 05:31:05.551, NVIDIA GeForce RTX 3090, 20304 MiB, 24576 MiB, 100 %, 100 %, 348.80 W, 62
2026/07/03 05:31:06.553, NVIDIA GeForce RTX 3090, 20304 MiB, 24576 MiB, 79 %, 45 %, 346.66 W, 62
2026/07/03 05:31:07.555, NVIDIA GeForce RTX 3090, 20304 MiB, 24576 MiB, 100 %, 100 %, 350.00 W, 61
2026/07/03 05:31:08.557, NVIDIA GeForce RTX 3090, 20304 MiB, 24576 MiB, 100 %, 100 %, 349.41 W, 61
2026/07/03 05:31:09.558, NVIDIA GeForce RTX 3090, 20304 MiB, 24576 MiB, 100 %, 100 %, 348.79 W, 62
2026/07/03 05:31:10.559, NVIDIA GeForce RTX 3090, 20304 MiB, 24576 MiB, 100 %, 100 %, 349.21 W, 62
2026/07/03 05:31:11.561, NVIDIA GeForce RTX 3090, 20304 MiB, 24576 MiB, 100 %, 100 %, 349.32 W, 62
2026/07/03 05:31:12.563, NVIDIA GeForce RTX 3090, 20304 MiB, 24576 MiB, 100 %, 100 %, 349.33 W, 62
2026/07/03 05:31:13.565, NVIDIA GeForce RTX 3090, 20304 MiB, 24576 MiB, 100 %, 100 %, 349.45 W, 61
2026/07/03 05:31:14.567, NVIDIA GeForce RTX 3090, 20304 MiB, 24576 MiB, 78 %, 75 %, 345.05 W, 61
2026/07/03 05:31:15.568, NVIDIA GeForce RTX 3090, 20304 MiB, 24576 MiB, 100 %, 100 %, 346.88 W, 61
2026/07/03 05:31:16.569, NVIDIA GeForce RTX 3090, 20304 MiB, 24576 MiB, 100 %, 100 %, 348.45 W, 61
2026/07/03 05:31:17.571, NVIDIA GeForce RTX 3090, 20304 MiB, 24576 MiB, 100 %, 91 %, 349.60 W, 61
2026/07/03 05:31:18.572, NVIDIA GeForce RTX 3090, 20304 MiB, 24576 MiB, 100 %, 100 %, 349.56 W, 61
2026/07/03 05:31:19.574, NVIDIA GeForce RTX 3090, 20304 MiB, 24576 MiB, 100 %, 100 %, 347.54 W, 60
2026/07/03 05:31:20.576, NVIDIA GeForce RTX 3090, 20304 MiB, 24576 MiB, 100 %, 100 %, 348.33 W, 61
2026/07/03 05:31:21.578, NVIDIA GeForce RTX 3090, 20304 MiB, 24576 MiB, 100 %, 100 %, 349.54 W, 61
2026/07/03 05:31:22.579, NVIDIA GeForce RTX 3090, 20304 MiB, 24576 MiB, 100 %, 100 %, 348.37 W, 62
2026/07/03 05:31:23.581, NVIDIA GeForce RTX 3090, 20304 MiB, 24576 MiB, 100 %, 100 %, 349.22 W, 61
2026/07/03 05:31:24.582, NVIDIA GeForce RTX 3090, 20304 MiB, 24576 MiB, 100 %, 100 %, 349.32 W, 61
2026/07/03 05:31:25.584, NVIDIA GeForce RTX 3090, 20304 MiB, 24576 MiB, 100 %, 23 %, 349.48 W, 62
2026/07/03 05:31:26.586, NVIDIA GeForce RTX 3090, 20304 MiB, 24576 MiB, 100 %, 100 %, 349.31 W, 61
2026/07/03 05:31:27.587, NVIDIA GeForce RTX 3090, 20304 MiB, 24576 MiB, 100 %, 100 %, 349.57 W, 61
2026/07/03 05:31:28.589, NVIDIA GeForce RTX 3090, 20304 MiB, 24576 MiB, 100 %, 100 %, 348.05 W, 61
2026/07/03 05:31:29.591, NVIDIA GeForce RTX 3090, 20304 MiB, 24576 MiB, 100 %, 100 %, 348.26 W, 61
2026/07/03 05:31:30.593, NVIDIA GeForce RTX 3090, 20304 MiB, 24576 MiB, 100 %, 100 %, 347.20 W, 62
2026/07/03 05:31:31.595, NVIDIA GeForce RTX 3090, 20304 MiB, 24576 MiB, 100 %, 100 %, 349.62 W, 61
2026/07/03 05:31:32.596, NVIDIA GeForce RTX 3090, 20304 MiB, 24576 MiB, 100 %, 100 %, 349.49 W, 61
2026/07/03 05:31:33.598, NVIDIA GeForce RTX 3090, 20304 MiB, 24576 MiB, 78 %, 52 %, 349.01 W, 62
2026/07/03 05:31:34.600, NVIDIA GeForce RTX 3090, 20304 MiB, 24576 MiB, 100 %, 100 %, 349.43 W, 61
2026/07/03 05:31:35.601, NVIDIA GeForce RTX 3090, 20304 MiB, 24576 MiB, 100 %, 100 %, 349.46 W, 62
2026/07/03 05:31:36.603, NVIDIA GeForce RTX 3090, 20304 MiB, 24576 MiB, 100 %, 100 %, 349.45 W, 62
2026/07/03 05:31:37.605, NVIDIA GeForce RTX 3090, 20304 MiB, 24576 MiB, 100 %, 100 %, 349.54 W, 61
2026/07/03 05:31:38.606, NVIDIA GeForce RTX 3090, 20304 MiB, 24576 MiB, 100 %, 100 %, 347.77 W, 61
2026/07/03 05:31:39.608, NVIDIA GeForce RTX 3090, 20304 MiB, 24576 MiB, 100 %, 100 %, 350.68 W, 61
2026/07/03 05:31:40.609, NVIDIA GeForce RTX 3090, 20304 MiB, 24576 MiB, 100 %, 100 %, 349.01 W, 61
2026/07/03 05:31:41.611, NVIDIA GeForce RTX 3090, 20304 MiB, 24576 MiB, 100 %, 100 %, 348.43 W, 62
2026/07/03 05:31:42.613, NVIDIA GeForce RTX 3090, 20304 MiB, 24576 MiB, 100 %, 100 %, 349.48 W, 61
2026/07/03 05:31:43.615, NVIDIA GeForce RTX 3090, 20304 MiB, 24576 MiB, 100 %, 100 %, 349.64 W, 61
2026/07/03 05:31:44.616, NVIDIA GeForce RTX 3090, 20304 MiB, 24576 MiB, 100 %, 23 %, 349.79 W, 61
2026/07/03 05:31:45.618, NVIDIA GeForce RTX 3090, 20304 MiB, 24576 MiB, 100 %, 100 %, 349.72 W, 61
2026/07/03 05:31:46.620, NVIDIA GeForce RTX 3090, 20304 MiB, 24576 MiB, 100 %, 100 %, 349.74 W, 61
2026/07/03 05:31:47.621, NVIDIA GeForce RTX 3090, 20304 MiB, 24576 MiB, 100 %, 100 %, 348.02 W, 61
2026/07/03 05:31:48.623, NVIDIA GeForce RTX 3090, 20304 MiB, 24576 MiB, 100 %, 100 %, 348.41 W, 61
2026/07/03 05:31:49.625, NVIDIA GeForce RTX 3090, 20304 MiB, 24576 MiB, 100 %, 100 %, 347.92 W, 62
2026/07/03 05:31:50.626, NVIDIA GeForce RTX 3090, 20304 MiB, 24576 MiB, 100 %, 100 %, 349.33 W, 61
2026/07/03 05:31:51.628, NVIDIA GeForce RTX 3090, 20304 MiB, 24576 MiB, 100 %, 100 %, 349.40 W, 61
2026/07/03 05:31:52.629, NVIDIA GeForce RTX 3090, 20304 MiB, 24576 MiB, 81 %, 42 %, 349.43 W, 62
2026/07/03 05:31:53.631, NVIDIA GeForce RTX 3090, 20304 MiB, 24576 MiB, 100 %, 100 %, 349.23 W, 61
2026/07/03 05:31:54.632, NVIDIA GeForce RTX 3090, 20304 MiB, 24576 MiB, 100 %, 100 %, 349.29 W, 61
2026/07/03 05:31:55.634, NVIDIA GeForce RTX 3090, 20304 MiB, 24576 MiB, 100 %, 100 %, 349.45 W, 62
2026/07/03 05:31:56.636, NVIDIA GeForce RTX 3090, 20304 MiB, 24576 MiB, 100 %, 100 %, 348.98 W, 61
2026/07/03 05:31:57.637, NVIDIA GeForce RTX 3090, 20304 MiB, 24576 MiB, 100 %, 100 %, 347.04 W, 62
2026/07/03 05:31:58.639, NVIDIA GeForce RTX 3090, 20304 MiB, 24576 MiB, 100 %, 100 %, 349.63 W, 61
2026/07/03 05:31:59.641, NVIDIA GeForce RTX 3090, 20304 MiB, 24576 MiB, 100 %, 100 %, 349.09 W, 61
2026/07/03 05:32:00.643, NVIDIA GeForce RTX 3090, 20304 MiB, 24576 MiB, 100 %, 100 %, 348.81 W, 62
2026/07/03 05:32:01.644, NVIDIA GeForce RTX 3090, 20304 MiB, 24576 MiB, 100 %, 100 %, 349.05 W, 61
2026/07/03 05:32:02.645, NVIDIA GeForce RTX 3090, 20304 MiB, 24576 MiB, 100 %, 100 %, 348.74 W, 61
2026/07/03 05:32:03.647, NVIDIA GeForce RTX 3090, 20304 MiB, 24576 MiB, 100 %, 31 %, 348.97 W, 62
2026/07/03 05:32:04.649, NVIDIA GeForce RTX 3090, 20304 MiB, 24576 MiB, 100 %, 100 %, 349.03 W, 61
2026/07/03 05:32:05.651, NVIDIA GeForce RTX 3090, 20304 MiB, 24576 MiB, 100 %, 100 %, 345.82 W, 61
2026/07/03 05:32:06.653, NVIDIA GeForce RTX 3090, 20304 MiB, 24576 MiB, 100 %, 100 %, 347.62 W, 61
2026/07/03 05:32:07.655, NVIDIA GeForce RTX 3090, 20304 MiB, 24576 MiB, 100 %, 100 %, 348.81 W, 61
2026/07/03 05:32:08.657, NVIDIA GeForce RTX 3090, 20304 MiB, 24576 MiB, 100 %, 100 %, 348.27 W, 62
2026/07/03 05:32:09.658, NVIDIA GeForce RTX 3090, 20304 MiB, 24576 MiB, 100 %, 100 %, 349.46 W, 61
2026/07/03 05:32:10.660, NVIDIA GeForce RTX 3090, 20304 MiB, 24576 MiB, 100 %, 100 %, 349.48 W, 61
2026/07/03 05:32:11.661, NVIDIA GeForce RTX 3090, 20304 MiB, 24576 MiB, 86 %, 20 %, 349.37 W, 61
2026/07/03 05:32:12.663, NVIDIA GeForce RTX 3090, 20304 MiB, 24576 MiB, 100 %, 100 %, 349.35 W, 61
2026/07/03 05:32:13.664, NVIDIA GeForce RTX 3090, 20304 MiB, 24576 MiB, 100 %, 100 %, 349.51 W, 61
2026/07/03 05:32:14.665, NVIDIA GeForce RTX 3090, 20304 MiB, 24576 MiB, 100 %, 100 %, 349.20 W, 61
2026/07/03 05:32:15.666, NVIDIA GeForce RTX 3090, 20304 MiB, 24576 MiB, 100 %, 100 %, 348.32 W, 61
2026/07/03 05:32:16.668, NVIDIA GeForce RTX 3090, 20304 MiB, 24576 MiB, 100 %, 100 %, 346.69 W, 62
2026/07/03 05:32:17.670, NVIDIA GeForce RTX 3090, 20304 MiB, 24576 MiB, 100 %, 100 %, 349.59 W, 61
2026/07/03 05:32:18.671, NVIDIA GeForce RTX 3090, 20304 MiB, 24576 MiB, 100 %, 100 %, 349.12 W, 61
2026/07/03 05:32:19.672, NVIDIA GeForce RTX 3090, 20304 MiB, 24576 MiB, 100 %, 100 %, 348.64 W, 62
2026/07/03 05:32:20.674, NVIDIA GeForce RTX 3090, 20304 MiB, 24576 MiB, 100 %, 100 %, 349.47 W, 61
2026/07/03 05:32:21.675, NVIDIA GeForce RTX 3090, 20304 MiB, 24576 MiB, 100 %, 100 %, 349.16 W, 61
2026/07/03 05:32:22.677, NVIDIA GeForce RTX 3090, 20304 MiB, 24576 MiB, 100 %, 49 %, 349.29 W, 61
2026/07/03 05:32:23.678, NVIDIA GeForce RTX 3090, 20304 MiB, 24576 MiB, 100 %, 100 %, 349.40 W, 61
2026/07/03 05:32:24.680, NVIDIA GeForce RTX 3090, 20304 MiB, 24576 MiB, 100 %, 100 %, 346.43 W, 62
2026/07/03 05:32:25.682, NVIDIA GeForce RTX 3090, 20304 MiB, 24576 MiB, 100 %, 100 %, 347.51 W, 61
2026/07/03 05:32:26.683, NVIDIA GeForce RTX 3090, 20304 MiB, 24576 MiB, 100 %, 100 %, 348.99 W, 61
2026/07/03 05:32:27.684, NVIDIA GeForce RTX 3090, 20304 MiB, 24576 MiB, 100 %, 100 %, 348.18 W, 62
2026/07/03 05:32:28.686, NVIDIA GeForce RTX 3090, 20304 MiB, 24576 MiB, 100 %, 100 %, 349.52 W, 61
2026/07/03 05:32:29.687, NVIDIA GeForce RTX 3090, 20304 MiB, 24576 MiB, 100 %, 100 %, 349.29 W, 61
2026/07/03 05:32:30.689, NVIDIA GeForce RTX 3090, 20304 MiB, 24576 MiB, 100 %, 23 %, 349.47 W, 61
2026/07/03 05:32:31.690, NVIDIA GeForce RTX 3090, 20304 MiB, 24576 MiB, 100 %, 100 %, 349.46 W, 61
2026/07/03 05:32:32.691, NVIDIA GeForce RTX 3090, 20304 MiB, 24576 MiB, 100 %, 100 %, 349.38 W, 61
2026/07/03 05:32:33.693, NVIDIA GeForce RTX 3090, 20304 MiB, 24576 MiB, 100 %, 100 %, 348.56 W, 61
2026/07/03 05:32:34.695, NVIDIA GeForce RTX 3090, 20304 MiB, 24576 MiB, 100 %, 100 %, 348.29 W, 61
2026/07/03 05:32:35.697, NVIDIA GeForce RTX 3090, 20304 MiB, 24576 MiB, 100 %, 100 %, 347.73 W, 62
2026/07/03 05:32:36.698, NVIDIA GeForce RTX 3090, 20304 MiB, 24576 MiB, 100 %, 100 %, 349.54 W, 61
2026/07/03 05:32:37.700, NVIDIA GeForce RTX 3090, 20304 MiB, 24576 MiB, 100 %, 100 %, 349.25 W, 61
2026/07/03 05:32:38.701, NVIDIA GeForce RTX 3090, 20304 MiB, 24576 MiB, 94 %, 95 %, 349.37 W, 61
2026/07/03 05:32:39.702, NVIDIA GeForce RTX 3090, 20304 MiB, 24576 MiB, 100 %, 100 %, 349.41 W, 61
2026/07/03 05:32:40.704, NVIDIA GeForce RTX 3090, 20304 MiB, 24576 MiB, 100 %, 100 %, 349.65 W, 61
2026/07/03 05:32:41.706, NVIDIA GeForce RTX 3090, 20304 MiB, 24576 MiB, 100 %, 79 %, 349.49 W, 61
2026/07/03 05:32:42.708, NVIDIA GeForce RTX 3090, 20304 MiB, 24576 MiB, 100 %, 100 %, 349.47 W, 61
2026/07/03 05:32:43.709, NVIDIA GeForce RTX 3090, 20304 MiB, 24576 MiB, 100 %, 100 %, 346.08 W, 62
2026/07/03 05:32:44.711, NVIDIA GeForce RTX 3090, 20304 MiB, 24576 MiB, 100 %, 100 %, 346.71 W, 61
2026/07/03 05:32:45.737, NVIDIA GeForce RTX 3090, 20304 MiB, 24576 MiB, 100 %, 100 %, 349.00 W, 61
2026/07/03 05:32:46.738, NVIDIA GeForce RTX 3090, 20304 MiB, 24576 MiB, 100 %, 100 %, 348.65 W, 61
2026/07/03 05:32:47.740, NVIDIA GeForce RTX 3090, 20304 MiB, 24576 MiB, 100 %, 100 %, 349.12 W, 61
2026/07/03 05:32:48.741, NVIDIA GeForce RTX 3090, 20304 MiB, 24576 MiB, 100 %, 100 %, 349.25 W, 61
2026/07/03 05:32:49.743, NVIDIA GeForce RTX 3090, 20304 MiB, 24576 MiB, 100 %, 23 %, 349.10 W, 61
2026/07/03 05:32:50.744, NVIDIA GeForce RTX 3090, 20304 MiB, 24576 MiB, 100 %, 100 %, 349.65 W, 61
2026/07/03 05:32:51.746, NVIDIA GeForce RTX 3090, 20304 MiB, 24576 MiB, 100 %, 100 %, 349.64 W, 61
2026/07/03 05:32:52.748, NVIDIA GeForce RTX 3090, 20304 MiB, 24576 MiB, 100 %, 100 %, 348.30 W, 61
2026/07/03 05:32:53.749, NVIDIA GeForce RTX 3090, 20304 MiB, 24576 MiB, 100 %, 100 %, 348.11 W, 61
2026/07/03 05:32:54.751, NVIDIA GeForce RTX 3090, 20304 MiB, 24576 MiB, 100 %, 100 %, 348.17 W, 62
2026/07/03 05:32:55.753, NVIDIA GeForce RTX 3090, 20304 MiB, 24576 MiB, 100 %, 100 %, 349.42 W, 61
2026/07/03 05:32:56.754, NVIDIA GeForce RTX 3090, 20304 MiB, 24576 MiB, 100 %, 100 %, 349.24 W, 61
2026/07/03 05:32:57.755, NVIDIA GeForce RTX 3090, 20304 MiB, 24576 MiB, 81 %, 67 %, 349.31 W, 61
2026/07/03 05:32:58.757, NVIDIA GeForce RTX 3090, 20304 MiB, 24576 MiB, 100 %, 100 %, 349.31 W, 61
2026/07/03 05:32:59.758, NVIDIA GeForce RTX 3090, 20304 MiB, 24576 MiB, 100 %, 100 %, 349.32 W, 61
2026/07/03 05:33:00.761, NVIDIA GeForce RTX 3090, 20304 MiB, 24576 MiB, 100 %, 100 %, 349.35 W, 61
2026/07/03 05:33:01.762, NVIDIA GeForce RTX 3090, 20304 MiB, 24576 MiB, 100 %, 100 %, 349.22 W, 61
2026/07/03 05:33:02.764, NVIDIA GeForce RTX 3090, 20304 MiB, 24576 MiB, 100 %, 100 %, 347.38 W, 62
2026/07/03 05:33:03.765, NVIDIA GeForce RTX 3090, 20304 MiB, 24576 MiB, 100 %, 100 %, 350.58 W, 61
2026/07/03 05:33:04.767, NVIDIA GeForce RTX 3090, 20304 MiB, 24576 MiB, 100 %, 100 %, 349.10 W, 61
2026/07/03 05:33:05.771, NVIDIA GeForce RTX 3090, 20304 MiB, 24576 MiB, 100 %, 100 %, 348.61 W, 62
2026/07/03 05:33:06.773, NVIDIA GeForce RTX 3090, 20304 MiB, 24576 MiB, 100 %, 100 %, 349.17 W, 62
2026/07/03 05:33:07.774, NVIDIA GeForce RTX 3090, 20304 MiB, 24576 MiB, 100 %, 100 %, 349.31 W, 62
2026/07/03 05:33:08.776, NVIDIA GeForce RTX 3090, 20304 MiB, 24576 MiB, 100 %, 23 %, 349.32 W, 62
2026/07/03 05:33:09.777, NVIDIA GeForce RTX 3090, 20304 MiB, 24576 MiB, 100 %, 100 %, 349.36 W, 62
2026/07/03 05:33:10.779, NVIDIA GeForce RTX 3090, 20304 MiB, 24576 MiB, 100 %, 100 %, 349.30 W, 61
2026/07/03 05:33:11.781, NVIDIA GeForce RTX 3090, 20304 MiB, 24576 MiB, 100 %, 100 %, 347.97 W, 62
2026/07/03 05:33:12.783, NVIDIA GeForce RTX 3090, 20304 MiB, 24576 MiB, 100 %, 100 %, 348.40 W, 62
2026/07/03 05:33:13.784, NVIDIA GeForce RTX 3090, 20304 MiB, 24576 MiB, 100 %, 100 %, 348.68 W, 62
2026/07/03 05:33:14.785, NVIDIA GeForce RTX 3090, 20304 MiB, 24576 MiB, 100 %, 100 %, 349.15 W, 62
2026/07/03 05:33:15.787, NVIDIA GeForce RTX 3090, 20304 MiB, 24576 MiB, 100 %, 100 %, 348.88 W, 62
2026/07/03 05:33:16.790, NVIDIA GeForce RTX 3090, 20304 MiB, 24576 MiB, 84 %, 35 %, 349.31 W, 62
2026/07/03 05:33:17.791, NVIDIA GeForce RTX 3090, 20304 MiB, 24576 MiB, 100 %, 100 %, 349.28 W, 62
2026/07/03 05:33:18.793, NVIDIA GeForce RTX 3090, 20304 MiB, 24576 MiB, 100 %, 100 %, 349.15 W, 62
2026/07/03 05:33:19.794, NVIDIA GeForce RTX 3090, 20304 MiB, 24576 MiB, 100 %, 100 %, 349.30 W, 62
2026/07/03 05:33:20.795, NVIDIA GeForce RTX 3090, 20304 MiB, 24576 MiB, 100 %, 100 %, 349.01 W, 62
2026/07/03 05:33:21.797, NVIDIA GeForce RTX 3090, 20304 MiB, 24576 MiB, 100 %, 100 %, 347.58 W, 63
2026/07/03 05:33:22.799, NVIDIA GeForce RTX 3090, 20304 MiB, 24576 MiB, 100 %, 100 %, 349.80 W, 62
2026/07/03 05:33:23.800, NVIDIA GeForce RTX 3090, 20304 MiB, 24576 MiB, 100 %, 100 %, 349.36 W, 62
2026/07/03 05:33:24.801, NVIDIA GeForce RTX 3090, 20304 MiB, 24576 MiB, 100 %, 100 %, 349.24 W, 62
2026/07/03 05:33:25.805, NVIDIA GeForce RTX 3090, 20304 MiB, 24576 MiB, 100 %, 100 %, 349.28 W, 62
2026/07/03 05:33:26.807, NVIDIA GeForce RTX 3090, 20304 MiB, 24576 MiB, 100 %, 100 %, 349.39 W, 62
2026/07/03 05:33:27.808, NVIDIA GeForce RTX 3090, 20304 MiB, 24576 MiB, 100 %, 43 %, 349.31 W, 62
2026/07/03 05:33:28.809, NVIDIA GeForce RTX 3090, 20304 MiB, 24576 MiB, 100 %, 100 %, 349.38 W, 62
2026/07/03 05:33:29.810, NVIDIA GeForce RTX 3090, 20304 MiB, 24576 MiB, 100 %, 100 %, 346.79 W, 62
2026/07/03 05:33:30.812, NVIDIA GeForce RTX 3090, 20304 MiB, 24576 MiB, 100 %, 100 %, 347.72 W, 62
2026/07/03 05:33:31.814, NVIDIA GeForce RTX 3090, 20304 MiB, 24576 MiB, 100 %, 100 %, 348.97 W, 62
2026/07/03 05:33:32.816, NVIDIA GeForce RTX 3090, 20304 MiB, 24576 MiB, 100 %, 100 %, 348.54 W, 63
2026/07/03 05:33:33.817, NVIDIA GeForce RTX 3090, 20304 MiB, 24576 MiB, 100 %, 100 %, 349.23 W, 62
2026/07/03 05:33:34.819, NVIDIA GeForce RTX 3090, 20304 MiB, 24576 MiB, 100 %, 100 %, 349.27 W, 62
2026/07/03 05:33:35.820, NVIDIA GeForce RTX 3090, 20304 MiB, 24576 MiB, 100 %, 23 %, 349.45 W, 63
2026/07/03 05:33:36.821, NVIDIA GeForce RTX 3090, 20304 MiB, 24576 MiB, 100 %, 100 %, 349.37 W, 62
2026/07/03 05:33:37.823, NVIDIA GeForce RTX 3090, 20304 MiB, 24576 MiB, 100 %, 100 %, 349.36 W, 62
2026/07/03 05:33:38.824, NVIDIA GeForce RTX 3090, 20304 MiB, 24576 MiB, 100 %, 100 %, 348.99 W, 62
2026/07/03 05:33:39.826, NVIDIA GeForce RTX 3090, 20304 MiB, 24576 MiB, 100 %, 100 %, 348.86 W, 62
2026/07/03 05:33:40.828, NVIDIA GeForce RTX 3090, 20304 MiB, 24576 MiB, 100 %, 100 %, 346.79 W, 63
2026/07/03 05:33:41.829, NVIDIA GeForce RTX 3090, 20304 MiB, 24576 MiB, 100 %, 100 %, 349.74 W, 62
2026/07/03 05:33:42.830, NVIDIA GeForce RTX 3090, 20304 MiB, 24576 MiB, 100 %, 100 %, 349.49 W, 62
2026/07/03 05:33:43.832, NVIDIA GeForce RTX 3090, 20304 MiB, 24576 MiB, 100 %, 100 %, 349.28 W, 63
2026/07/03 05:33:44.834, NVIDIA GeForce RTX 3090, 20304 MiB, 24576 MiB, 100 %, 100 %, 349.15 W, 62
2026/07/03 05:33:45.835, NVIDIA GeForce RTX 3090, 20304 MiB, 24576 MiB, 100 %, 100 %, 349.38 W, 63
2026/07/03 05:33:46.836, NVIDIA GeForce RTX 3090, 20304 MiB, 24576 MiB, 100 %, 71 %, 349.61 W, 63
2026/07/03 05:33:47.838, NVIDIA GeForce RTX 3090, 20304 MiB, 24576 MiB, 100 %, 100 %, 349.34 W, 62
2026/07/03 05:33:48.839, NVIDIA GeForce RTX 3090, 20304 MiB, 24576 MiB, 100 %, 100 %, 347.91 W, 63
2026/07/03 05:33:49.841, NVIDIA GeForce RTX 3090, 20304 MiB, 24576 MiB, 100 %, 100 %, 348.01 W, 63
2026/07/03 05:33:50.843, NVIDIA GeForce RTX 3090, 20304 MiB, 24576 MiB, 100 %, 100 %, 349.07 W, 63
2026/07/03 05:33:51.844, NVIDIA GeForce RTX 3090, 20304 MiB, 24576 MiB, 100 %, 100 %, 348.48 W, 63
2026/07/03 05:33:52.846, NVIDIA GeForce RTX 3090, 20304 MiB, 24576 MiB, 100 %, 100 %, 349.50 W, 63
2026/07/03 05:33:53.847, NVIDIA GeForce RTX 3090, 20304 MiB, 24576 MiB, 100 %, 100 %, 349.38 W, 63
2026/07/03 05:33:54.849, NVIDIA GeForce RTX 3090, 20304 MiB, 24576 MiB, 100 %, 23 %, 349.45 W, 63
2026/07/03 05:33:55.851, NVIDIA GeForce RTX 3090, 20304 MiB, 24576 MiB, 100 %, 100 %, 349.37 W, 63
2026/07/03 05:33:56.852, NVIDIA GeForce RTX 3090, 20304 MiB, 24576 MiB, 100 %, 100 %, 349.46 W, 63
2026/07/03 05:33:57.853, NVIDIA GeForce RTX 3090, 20304 MiB, 24576 MiB, 100 %, 100 %, 348.50 W, 63
2026/07/03 05:33:58.854, NVIDIA GeForce RTX 3090, 20304 MiB, 24576 MiB, 100 %, 100 %, 348.60 W, 63
2026/07/03 05:33:59.856, NVIDIA GeForce RTX 3090, 20304 MiB, 24576 MiB, 100 %, 100 %, 347.52 W, 63
2026/07/03 05:34:00.857, NVIDIA GeForce RTX 3090, 20304 MiB, 24576 MiB, 100 %, 100 %, 349.22 W, 63
2026/07/03 05:34:01.859, NVIDIA GeForce RTX 3090, 20304 MiB, 24576 MiB, 100 %, 100 %, 349.20 W, 63
2026/07/03 05:34:02.861, NVIDIA GeForce RTX 3090, 20304 MiB, 24576 MiB, 86 %, 68 %, 348.95 W, 63
2026/07/03 05:34:03.862, NVIDIA GeForce RTX 3090, 20304 MiB, 24576 MiB, 100 %, 100 %, 349.18 W, 63
2026/07/03 05:34:04.863, NVIDIA GeForce RTX 3090, 20304 MiB, 24576 MiB, 100 %, 100 %, 349.22 W, 63
2026/07/03 05:34:05.866, NVIDIA GeForce RTX 3090, 20304 MiB, 24576 MiB, 100 %, 100 %, 349.23 W, 63
2026/07/03 05:34:06.868, NVIDIA GeForce RTX 3090, 20304 MiB, 24576 MiB, 100 %, 100 %, 349.23 W, 63
2026/07/03 05:34:07.869, NVIDIA GeForce RTX 3090, 20304 MiB, 24576 MiB, 100 %, 100 %, 347.33 W, 63
2026/07/03 05:34:08.871, NVIDIA GeForce RTX 3090, 20304 MiB, 24576 MiB, 100 %, 100 %, 350.77 W, 63
2026/07/03 05:34:09.872, NVIDIA GeForce RTX 3090, 20304 MiB, 24576 MiB, 100 %, 100 %, 349.40 W, 63
2026/07/03 05:34:10.873, NVIDIA GeForce RTX 3090, 20304 MiB, 24576 MiB, 100 %, 100 %, 348.48 W, 63
2026/07/03 05:34:11.875, NVIDIA GeForce RTX 3090, 20304 MiB, 24576 MiB, 100 %, 100 %, 349.70 W, 63
2026/07/03 05:34:12.876, NVIDIA GeForce RTX 3090, 20304 MiB, 24576 MiB, 100 %, 100 %, 349.63 W, 63
2026/07/03 05:34:13.878, NVIDIA GeForce RTX 3090, 20304 MiB, 24576 MiB, 100 %, 23 %, 349.43 W, 63
2026/07/03 05:34:14.880, NVIDIA GeForce RTX 3090, 20304 MiB, 24576 MiB, 100 %, 100 %, 349.42 W, 63
2026/07/03 05:34:15.881, NVIDIA GeForce RTX 3090, 20304 MiB, 24576 MiB, 100 %, 100 %, 349.43 W, 62
2026/07/03 05:34:16.883, NVIDIA GeForce RTX 3090, 20304 MiB, 24576 MiB, 100 %, 100 %, 348.30 W, 63
2026/07/03 05:34:17.884, NVIDIA GeForce RTX 3090, 20304 MiB, 24576 MiB, 100 %, 100 %, 348.58 W, 63
2026/07/03 05:34:18.886, NVIDIA GeForce RTX 3090, 20304 MiB, 24576 MiB, 100 %, 100 %, 348.75 W, 63
2026/07/03 05:34:19.888, NVIDIA GeForce RTX 3090, 20304 MiB, 24576 MiB, 100 %, 100 %, 349.51 W, 63
2026/07/03 05:34:20.889, NVIDIA GeForce RTX 3090, 20304 MiB, 24576 MiB, 100 %, 100 %, 349.39 W, 63
2026/07/03 05:34:21.891, NVIDIA GeForce RTX 3090, 20304 MiB, 24576 MiB, 81 %, 39 %, 349.06 W, 63
2026/07/03 05:34:22.893, NVIDIA GeForce RTX 3090, 20304 MiB, 24576 MiB, 100 %, 100 %, 349.50 W, 63
2026/07/03 05:34:23.894, NVIDIA GeForce RTX 3090, 20304 MiB, 24576 MiB, 100 %, 100 %, 349.32 W, 63
2026/07/03 05:34:24.896, NVIDIA GeForce RTX 3090, 20304 MiB, 24576 MiB, 100 %, 100 %, 349.29 W, 63
2026/07/03 05:34:25.898, NVIDIA GeForce RTX 3090, 20304 MiB, 24576 MiB, 100 %, 100 %, 349.06 W, 63
2026/07/03 05:34:26.899, NVIDIA GeForce RTX 3090, 20304 MiB, 24576 MiB, 100 %, 100 %, 346.77 W, 64
2026/07/03 05:34:27.900, NVIDIA GeForce RTX 3090, 20304 MiB, 24576 MiB, 100 %, 100 %, 349.82 W, 63
2026/07/03 05:34:28.902, NVIDIA GeForce RTX 3090, 20304 MiB, 24576 MiB, 100 %, 100 %, 349.29 W, 63
2026/07/03 05:34:29.904, NVIDIA GeForce RTX 3090, 20304 MiB, 24576 MiB, 100 %, 100 %, 348.90 W, 63
2026/07/03 05:34:30.905, NVIDIA GeForce RTX 3090, 20304 MiB, 24576 MiB, 100 %, 100 %, 349.19 W, 63
2026/07/03 05:34:31.906, NVIDIA GeForce RTX 3090, 20304 MiB, 24576 MiB, 100 %, 100 %, 349.14 W, 63
2026/07/03 05:34:32.908, NVIDIA GeForce RTX 3090, 20304 MiB, 24576 MiB, 100 %, 27 %, 349.52 W, 63
2026/07/03 05:34:33.910, NVIDIA GeForce RTX 3090, 20304 MiB, 24576 MiB, 100 %, 100 %, 349.49 W, 63
2026/07/03 05:34:34.912, NVIDIA GeForce RTX 3090, 20304 MiB, 24576 MiB, 100 %, 100 %, 345.85 W, 62
2026/07/03 05:34:35.913, NVIDIA GeForce RTX 3090, 20304 MiB, 24576 MiB, 100 %, 100 %, 347.59 W, 63
2026/07/03 05:34:36.915, NVIDIA GeForce RTX 3090, 20304 MiB, 24576 MiB, 100 %, 100 %, 348.64 W, 63
2026/07/03 05:34:37.917, NVIDIA GeForce RTX 3090, 20304 MiB, 24576 MiB, 100 %, 100 %, 348.23 W, 63
2026/07/03 05:34:38.918, NVIDIA GeForce RTX 3090, 20304 MiB, 24576 MiB, 100 %, 100 %, 349.18 W, 63
2026/07/03 05:34:39.919, NVIDIA GeForce RTX 3090, 20304 MiB, 24576 MiB, 100 %, 100 %, 349.35 W, 63
2026/07/03 05:34:40.921, NVIDIA GeForce RTX 3090, 20304 MiB, 24576 MiB, 85 %, 20 %, 349.11 W, 63
2026/07/03 05:34:41.923, NVIDIA GeForce RTX 3090, 20304 MiB, 24576 MiB, 100 %, 100 %, 349.77 W, 63
2026/07/03 05:34:42.924, NVIDIA GeForce RTX 3090, 20304 MiB, 24576 MiB, 100 %, 100 %, 349.46 W, 63
2026/07/03 05:34:43.926, NVIDIA GeForce RTX 3090, 20304 MiB, 24576 MiB, 100 %, 100 %, 349.37 W, 63
2026/07/03 05:34:44.928, NVIDIA GeForce RTX 3090, 20304 MiB, 24576 MiB, 100 %, 100 %, 348.62 W, 63
2026/07/03 05:34:45.929, NVIDIA GeForce RTX 3090, 20304 MiB, 24576 MiB, 100 %, 100 %, 347.24 W, 64
2026/07/03 05:34:46.930, NVIDIA GeForce RTX 3090, 20304 MiB, 24576 MiB, 100 %, 100 %, 349.54 W, 63
2026/07/03 05:34:47.932, NVIDIA GeForce RTX 3090, 20304 MiB, 24576 MiB, 100 %, 100 %, 349.49 W, 63
2026/07/03 05:34:48.933, NVIDIA GeForce RTX 3090, 20304 MiB, 24576 MiB, 100 %, 100 %, 348.80 W, 63
2026/07/03 05:34:49.934, NVIDIA GeForce RTX 3090, 20304 MiB, 24576 MiB, 100 %, 100 %, 349.65 W, 63
2026/07/03 05:34:50.936, NVIDIA GeForce RTX 3090, 20304 MiB, 24576 MiB, 100 %, 100 %, 349.67 W, 63
2026/07/03 05:34:51.937, NVIDIA GeForce RTX 3090, 20304 MiB, 24576 MiB, 100 %, 44 %, 349.62 W, 63
2026/07/03 05:34:52.939, NVIDIA GeForce RTX 3090, 20304 MiB, 24576 MiB, 100 %, 100 %, 349.47 W, 63
2026/07/03 05:34:53.940, NVIDIA GeForce RTX 3090, 20304 MiB, 24576 MiB, 100 %, 100 %, 347.01 W, 63
2026/07/03 05:34:54.942, NVIDIA GeForce RTX 3090, 20304 MiB, 24576 MiB, 100 %, 100 %, 350.98 W, 63
2026/07/03 05:34:55.944, NVIDIA GeForce RTX 3090, 20304 MiB, 24576 MiB, 100 %, 100 %, 349.73 W, 63
2026/07/03 05:34:56.945, NVIDIA GeForce RTX 3090, 20304 MiB, 24576 MiB, 100 %, 100 %, 349.27 W, 63
2026/07/03 05:34:57.947, NVIDIA GeForce RTX 3090, 20304 MiB, 24576 MiB, 100 %, 100 %, 349.66 W, 63
2026/07/03 05:34:58.948, NVIDIA GeForce RTX 3090, 20304 MiB, 24576 MiB, 100 %, 100 %, 349.64 W, 63
2026/07/03 05:34:59.950, NVIDIA GeForce RTX 3090, 20304 MiB, 24576 MiB, 100 %, 23 %, 349.52 W, 63
2026/07/03 05:35:00.951, NVIDIA GeForce RTX 3090, 20304 MiB, 24576 MiB, 100 %, 100 %, 349.64 W, 63
2026/07/03 05:35:01.953, NVIDIA GeForce RTX 3090, 20304 MiB, 24576 MiB, 100 %, 100 %, 347.71 W, 63
2026/07/03 05:35:02.954, NVIDIA GeForce RTX 3090, 20304 MiB, 24576 MiB, 100 %, 100 %, 347.66 W, 62
2026/07/03 05:35:03.956, NVIDIA GeForce RTX 3090, 20304 MiB, 24576 MiB, 100 %, 100 %, 348.43 W, 62
2026/07/03 05:35:04.957, NVIDIA GeForce RTX 3090, 20304 MiB, 24576 MiB, 100 %, 100 %, 348.36 W, 63
2026/07/03 05:35:05.959, NVIDIA GeForce RTX 3090, 20304 MiB, 24576 MiB, 100 %, 100 %, 348.93 W, 62
2026/07/03 05:35:06.960, NVIDIA GeForce RTX 3090, 20304 MiB, 24576 MiB, 100 %, 100 %, 349.45 W, 62
2026/07/03 05:35:07.962, NVIDIA GeForce RTX 3090, 20304 MiB, 24576 MiB, 81 %, 26 %, 349.43 W, 63
2026/07/03 05:35:08.963, NVIDIA GeForce RTX 3090, 20304 MiB, 24576 MiB, 100 %, 100 %, 349.50 W, 62
2026/07/03 05:35:09.965, NVIDIA GeForce RTX 3090, 20304 MiB, 24576 MiB, 100 %, 100 %, 349.36 W, 62
2026/07/03 05:35:10.966, NVIDIA GeForce RTX 3090, 20304 MiB, 24576 MiB, 100 %, 100 %, 349.54 W, 62
2026/07/03 05:35:11.967, NVIDIA GeForce RTX 3090, 20304 MiB, 24576 MiB, 100 %, 100 %, 348.94 W, 62
2026/07/03 05:35:12.969, NVIDIA GeForce RTX 3090, 20304 MiB, 24576 MiB, 100 %, 100 %, 347.95 W, 63
2026/07/03 05:35:13.970, NVIDIA GeForce RTX 3090, 20304 MiB, 24576 MiB, 100 %, 100 %, 349.98 W, 62
2026/07/03 05:35:14.972, NVIDIA GeForce RTX 3090, 20304 MiB, 24576 MiB, 100 %, 100 %, 349.57 W, 62
2026/07/03 05:35:15.974, NVIDIA GeForce RTX 3090, 20304 MiB, 24576 MiB, 100 %, 100 %, 348.93 W, 62
2026/07/03 05:35:16.975, NVIDIA GeForce RTX 3090, 20304 MiB, 24576 MiB, 100 %, 100 %, 349.33 W, 62
2026/07/03 05:35:17.976, NVIDIA GeForce RTX 3090, 20304 MiB, 24576 MiB, 100 %, 100 %, 349.20 W, 62
2026/07/03 05:35:18.978, NVIDIA GeForce RTX 3090, 20304 MiB, 24576 MiB, 100 %, 46 %, 349.43 W, 62
2026/07/03 05:35:19.979, NVIDIA GeForce RTX 3090, 20304 MiB, 24576 MiB, 100 %, 100 %, 349.37 W, 62
2026/07/03 05:35:20.980, NVIDIA GeForce RTX 3090, 20304 MiB, 24576 MiB, 100 %, 100 %, 347.03 W, 62
2026/07/03 05:35:21.981, NVIDIA GeForce RTX 3090, 20304 MiB, 24576 MiB, 100 %, 100 %, 347.63 W, 62
2026/07/03 05:35:22.982, NVIDIA GeForce RTX 3090, 20304 MiB, 24576 MiB, 100 %, 100 %, 348.97 W, 62
2026/07/03 05:35:23.984, NVIDIA GeForce RTX 3090, 20304 MiB, 24576 MiB, 100 %, 100 %, 348.37 W, 63
2026/07/03 05:35:24.985, NVIDIA GeForce RTX 3090, 20304 MiB, 24576 MiB, 100 %, 100 %, 349.26 W, 62
2026/07/03 05:35:25.987, NVIDIA GeForce RTX 3090, 20304 MiB, 24576 MiB, 100 %, 100 %, 349.20 W, 62
2026/07/03 05:35:26.988, NVIDIA GeForce RTX 3090, 20304 MiB, 24576 MiB, 100 %, 23 %, 349.26 W, 62
2026/07/03 05:35:27.990, NVIDIA GeForce RTX 3090, 20304 MiB, 24576 MiB, 100 %, 100 %, 349.32 W, 62
2026/07/03 05:35:28.992, NVIDIA GeForce RTX 3090, 20304 MiB, 24576 MiB, 100 %, 100 %, 349.20 W, 62
2026/07/03 05:35:29.993, NVIDIA GeForce RTX 3090, 20304 MiB, 24576 MiB, 100 %, 100 %, 348.83 W, 62
2026/07/03 05:35:30.995, NVIDIA GeForce RTX 3090, 20304 MiB, 24576 MiB, 100 %, 100 %, 348.75 W, 62
2026/07/03 05:35:31.996, NVIDIA GeForce RTX 3090, 20304 MiB, 24576 MiB, 100 %, 100 %, 348.26 W, 63
2026/07/03 05:35:32.997, NVIDIA GeForce RTX 3090, 20304 MiB, 24576 MiB, 100 %, 100 %, 349.69 W, 62
2026/07/03 05:35:33.999, NVIDIA GeForce RTX 3090, 20304 MiB, 24576 MiB, 100 %, 100 %, 349.74 W, 62
2026/07/03 05:35:35.001, NVIDIA GeForce RTX 3090, 20304 MiB, 24576 MiB, 100 %, 100 %, 349.41 W, 62
2026/07/03 05:35:36.003, NVIDIA GeForce RTX 3090, 20304 MiB, 24576 MiB, 100 %, 100 %, 349.50 W, 62
2026/07/03 05:35:37.005, NVIDIA GeForce RTX 3090, 20304 MiB, 24576 MiB, 100 %, 100 %, 349.44 W, 62
2026/07/03 05:35:38.007, NVIDIA GeForce RTX 3090, 20304 MiB, 24576 MiB, 100 %, 74 %, 349.51 W, 62
2026/07/03 05:35:39.008, NVIDIA GeForce RTX 3090, 20304 MiB, 24576 MiB, 100 %, 100 %, 349.45 W, 62
2026/07/03 05:35:40.010, NVIDIA GeForce RTX 3090, 20304 MiB, 24576 MiB, 100 %, 100 %, 346.80 W, 62
2026/07/03 05:35:41.011, NVIDIA GeForce RTX 3090, 20304 MiB, 24576 MiB, 100 %, 100 %, 347.39 W, 62
2026/07/03 05:35:42.013, NVIDIA GeForce RTX 3090, 20304 MiB, 24576 MiB, 100 %, 100 %, 349.14 W, 62
2026/07/03 05:35:43.015, NVIDIA GeForce RTX 3090, 20304 MiB, 24576 MiB, 100 %, 100 %, 348.24 W, 63
2026/07/03 05:35:44.016, NVIDIA GeForce RTX 3090, 20304 MiB, 24576 MiB, 100 %, 100 %, 349.65 W, 62
2026/07/03 05:35:45.018, NVIDIA GeForce RTX 3090, 20304 MiB, 24576 MiB, 100 %, 100 %, 349.69 W, 62
2026/07/03 05:35:46.019, NVIDIA GeForce RTX 3090, 20304 MiB, 24576 MiB, 100 %, 23 %, 349.48 W, 62
2026/07/03 05:35:47.020, NVIDIA GeForce RTX 3090, 20304 MiB, 24576 MiB, 100 %, 100 %, 349.37 W, 62
2026/07/03 05:35:48.022, NVIDIA GeForce RTX 3090, 20304 MiB, 24576 MiB, 100 %, 100 %, 349.68 W, 62
2026/07/03 05:35:49.023, NVIDIA GeForce RTX 3090, 20304 MiB, 24576 MiB, 100 %, 100 %, 348.41 W, 62
2026/07/03 05:35:50.025, NVIDIA GeForce RTX 3090, 20304 MiB, 24576 MiB, 100 %, 100 %, 348.61 W, 62
2026/07/03 05:35:51.027, NVIDIA GeForce RTX 3090, 20304 MiB, 24576 MiB, 100 %, 100 %, 348.33 W, 63
2026/07/03 05:35:52.028, NVIDIA GeForce RTX 3090, 20304 MiB, 24576 MiB, 100 %, 100 %, 349.24 W, 62
2026/07/03 05:35:53.029, NVIDIA GeForce RTX 3090, 20304 MiB, 24576 MiB, 100 %, 100 %, 349.23 W, 62
2026/07/03 05:35:54.031, NVIDIA GeForce RTX 3090, 20304 MiB, 24576 MiB, 80 %, 66 %, 349.34 W, 62
2026/07/03 05:35:55.032, NVIDIA GeForce RTX 3090, 20304 MiB, 24576 MiB, 100 %, 100 %, 349.31 W, 62
2026/07/03 05:35:56.034, NVIDIA GeForce RTX 3090, 20304 MiB, 24576 MiB, 100 %, 100 %, 349.45 W, 62
2026/07/03 05:35:57.036, NVIDIA GeForce RTX 3090, 20304 MiB, 24576 MiB, 100 %, 100 %, 349.27 W, 62
2026/07/03 05:35:58.037, NVIDIA GeForce RTX 3090, 20304 MiB, 24576 MiB, 100 %, 100 %, 349.27 W, 62
2026/07/03 05:35:59.038, NVIDIA GeForce RTX 3090, 20304 MiB, 24576 MiB, 100 %, 100 %, 347.08 W, 63
2026/07/03 05:36:00.040, NVIDIA GeForce RTX 3090, 20304 MiB, 24576 MiB, 100 %, 100 %, 350.65 W, 62
2026/07/03 05:36:01.041, NVIDIA GeForce RTX 3090, 20304 MiB, 24576 MiB, 100 %, 100 %, 349.42 W, 62
2026/07/03 05:36:02.043, NVIDIA GeForce RTX 3090, 20304 MiB, 24576 MiB, 100 %, 100 %, 348.76 W, 62
2026/07/03 05:36:03.045, NVIDIA GeForce RTX 3090, 20304 MiB, 24576 MiB, 100 %, 100 %, 349.03 W, 62
2026/07/03 05:36:04.047, NVIDIA GeForce RTX 3090, 20304 MiB, 24576 MiB, 100 %, 100 %, 348.89 W, 62
2026/07/03 05:36:05.049, NVIDIA GeForce RTX 3090, 20304 MiB, 24576 MiB, 100 %, 23 %, 349.32 W, 62
2026/07/03 05:36:06.050, NVIDIA GeForce RTX 3090, 20304 MiB, 24576 MiB, 100 %, 100 %, 349.39 W, 62
2026/07/03 05:36:07.052, NVIDIA GeForce RTX 3090, 20304 MiB, 24576 MiB, 100 %, 100 %, 349.30 W, 62
2026/07/03 05:36:08.054, NVIDIA GeForce RTX 3090, 20304 MiB, 24576 MiB, 100 %, 100 %, 348.18 W, 62
2026/07/03 05:36:09.056, NVIDIA GeForce RTX 3090, 20304 MiB, 24576 MiB, 100 %, 100 %, 348.39 W, 62
2026/07/03 05:36:10.058, NVIDIA GeForce RTX 3090, 20304 MiB, 24576 MiB, 100 %, 100 %, 347.28 W, 63
2026/07/03 05:36:11.060, NVIDIA GeForce RTX 3090, 20304 MiB, 24576 MiB, 100 %, 100 %, 349.40 W, 62
2026/07/03 05:36:12.062, NVIDIA GeForce RTX 3090, 20304 MiB, 24576 MiB, 100 %, 100 %, 349.37 W, 62
2026/07/03 05:36:13.064, NVIDIA GeForce RTX 3090, 20304 MiB, 24576 MiB, 78 %, 36 %, 349.01 W, 62
2026/07/03 05:36:14.066, NVIDIA GeForce RTX 3090, 20304 MiB, 24576 MiB, 100 %, 100 %, 349.37 W, 62
2026/07/03 05:36:15.067, NVIDIA GeForce RTX 3090, 20304 MiB, 24576 MiB, 100 %, 100 %, 349.66 W, 62
2026/07/03 05:36:16.069, NVIDIA GeForce RTX 3090, 20304 MiB, 24576 MiB, 100 %, 100 %, 349.67 W, 62
2026/07/03 05:36:17.070, NVIDIA GeForce RTX 3090, 20304 MiB, 24576 MiB, 100 %, 100 %, 349.09 W, 62
2026/07/03 05:36:18.072, NVIDIA GeForce RTX 3090, 20304 MiB, 24576 MiB, 100 %, 100 %, 347.85 W, 63
2026/07/03 05:36:19.074, NVIDIA GeForce RTX 3090, 20304 MiB, 24576 MiB, 100 %, 100 %, 350.16 W, 62
2026/07/03 05:36:20.076, NVIDIA GeForce RTX 3090, 20304 MiB, 24576 MiB, 100 %, 100 %, 349.24 W, 62
2026/07/03 05:36:21.078, NVIDIA GeForce RTX 3090, 20304 MiB, 24576 MiB, 100 %, 100 %, 348.84 W, 62
2026/07/03 05:36:22.080, NVIDIA GeForce RTX 3090, 20304 MiB, 24576 MiB, 100 %, 100 %, 349.46 W, 62
2026/07/03 05:36:23.082, NVIDIA GeForce RTX 3090, 20304 MiB, 24576 MiB, 100 %, 100 %, 349.46 W, 62
2026/07/03 05:36:24.084, NVIDIA GeForce RTX 3090, 20304 MiB, 24576 MiB, 100 %, 29 %, 349.46 W, 62
2026/07/03 05:36:25.085, NVIDIA GeForce RTX 3090, 20304 MiB, 24576 MiB, 100 %, 100 %, 349.34 W, 62
2026/07/03 05:36:26.087, NVIDIA GeForce RTX 3090, 20304 MiB, 24576 MiB, 100 %, 100 %, 345.55 W, 61
2026/07/03 05:36:27.089, NVIDIA GeForce RTX 3090, 20304 MiB, 24576 MiB, 100 %, 100 %, 347.39 W, 62
2026/07/03 05:36:28.090, NVIDIA GeForce RTX 3090, 20304 MiB, 24576 MiB, 100 %, 100 %, 348.32 W, 62
2026/07/03 05:36:29.092, NVIDIA GeForce RTX 3090, 20304 MiB, 24576 MiB, 100 %, 100 %, 348.45 W, 62
2026/07/03 05:36:30.093, NVIDIA GeForce RTX 3090, 20304 MiB, 24576 MiB, 100 %, 100 %, 348.98 W, 62
2026/07/03 05:36:31.095, NVIDIA GeForce RTX 3090, 20304 MiB, 24576 MiB, 100 %, 100 %, 349.34 W, 62
2026/07/03 05:36:32.097, NVIDIA GeForce RTX 3090, 20304 MiB, 24576 MiB, 95 %, 22 %, 349.17 W, 62
2026/07/03 05:36:33.098, NVIDIA GeForce RTX 3090, 20304 MiB, 24576 MiB, 100 %, 100 %, 349.20 W, 62
2026/07/03 05:36:34.100, NVIDIA GeForce RTX 3090, 20304 MiB, 24576 MiB, 100 %, 100 %, 349.34 W, 62
2026/07/03 05:36:35.102, NVIDIA GeForce RTX 3090, 20304 MiB, 24576 MiB, 100 %, 100 %, 348.94 W, 62
2026/07/03 05:36:36.104, NVIDIA GeForce RTX 3090, 20304 MiB, 24576 MiB, 100 %, 100 %, 348.59 W, 62
2026/07/03 05:36:37.106, NVIDIA GeForce RTX 3090, 20304 MiB, 24576 MiB, 100 %, 100 %, 347.90 W, 63
2026/07/03 05:36:38.108, NVIDIA GeForce RTX 3090, 20304 MiB, 24576 MiB, 100 %, 100 %, 349.57 W, 62
2026/07/03 05:36:39.110, NVIDIA GeForce RTX 3090, 20304 MiB, 24576 MiB, 100 %, 100 %, 349.18 W, 62
2026/07/03 05:36:40.111, NVIDIA GeForce RTX 3090, 20304 MiB, 24576 MiB, 100 %, 100 %, 347.88 W, 62
2026/07/03 05:36:41.113, NVIDIA GeForce RTX 3090, 20304 MiB, 24576 MiB, 100 %, 100 %, 348.05 W, 62
2026/07/03 05:36:42.116, NVIDIA GeForce RTX 3090, 20304 MiB, 24576 MiB, 100 %, 62 %, 348.23 W, 63
2026/07/03 05:36:43.118, NVIDIA GeForce RTX 3090, 20304 MiB, 24576 MiB, 100 %, 100 %, 348.99 W, 62
2026/07/03 05:36:44.119, NVIDIA GeForce RTX 3090, 20304 MiB, 24576 MiB, 100 %, 100 %, 349.44 W, 62
2026/07/03 05:36:45.121, NVIDIA GeForce RTX 3090, 20304 MiB, 24576 MiB, 100 %, 100 %, 349.22 W, 62
2026/07/03 05:36:46.123, NVIDIA GeForce RTX 3090, 20304 MiB, 24576 MiB, 100 %, 100 %, 349.75 W, 62
2026/07/03 05:36:47.124, NVIDIA GeForce RTX 3090, 20304 MiB, 24576 MiB, 100 %, 100 %, 349.13 W, 62
2026/07/03 05:36:48.126, NVIDIA GeForce RTX 3090, 20304 MiB, 24576 MiB, 100 %, 100 %, 349.44 W, 62
2026/07/03 05:36:49.128, NVIDIA GeForce RTX 3090, 20304 MiB, 24576 MiB, 100 %, 100 %, 348.99 W, 62
2026/07/03 05:36:50.130, NVIDIA GeForce RTX 3090, 20304 MiB, 24576 MiB, 100 %, 23 %, 347.24 W, 63
2026/07/03 05:36:51.131, NVIDIA GeForce RTX 3090, 20304 MiB, 24576 MiB, 100 %, 100 %, 349.47 W, 62
2026/07/03 05:36:52.134, NVIDIA GeForce RTX 3090, 20304 MiB, 24576 MiB, 100 %, 100 %, 348.99 W, 62
2026/07/03 05:36:53.136, NVIDIA GeForce RTX 3090, 20304 MiB, 24576 MiB, 100 %, 100 %, 348.96 W, 62
2026/07/03 05:36:54.138, NVIDIA GeForce RTX 3090, 20304 MiB, 24576 MiB, 100 %, 100 %, 349.52 W, 62
2026/07/03 05:36:55.139, NVIDIA GeForce RTX 3090, 20304 MiB, 24576 MiB, 100 %, 100 %, 349.35 W, 62
2026/07/03 05:36:56.141, NVIDIA GeForce RTX 3090, 20304 MiB, 24576 MiB, 100 %, 100 %, 348.26 W, 62
2026/07/03 05:36:57.144, NVIDIA GeForce RTX 3090, 20304 MiB, 24576 MiB, 100 %, 100 %, 349.68 W, 62
2026/07/03 05:36:58.146, NVIDIA GeForce RTX 3090, 20304 MiB, 24576 MiB, 87 %, 89 %, 347.87 W, 61
2026/07/03 05:36:59.147, NVIDIA GeForce RTX 3090, 20304 MiB, 24576 MiB, 100 %, 100 %, 348.40 W, 62
2026/07/03 05:37:00.149, NVIDIA GeForce RTX 3090, 20304 MiB, 24576 MiB, 100 %, 100 %, 348.80 W, 62
2026/07/03 05:37:01.151, NVIDIA GeForce RTX 3090, 20304 MiB, 24576 MiB, 100 %, 87 %, 348.37 W, 63
2026/07/03 05:37:02.153, NVIDIA GeForce RTX 3090, 20304 MiB, 24576 MiB, 100 %, 100 %, 349.79 W, 62
2026/07/03 05:37:03.155, NVIDIA GeForce RTX 3090, 20304 MiB, 24576 MiB, 100 %, 100 %, 349.70 W, 62
2026/07/03 05:37:04.157, NVIDIA GeForce RTX 3090, 20304 MiB, 24576 MiB, 100 %, 100 %, 349.54 W, 62
2026/07/03 05:37:05.159, NVIDIA GeForce RTX 3090, 20304 MiB, 24576 MiB, 100 %, 100 %, 349.29 W, 62
2026/07/03 05:37:06.160, NVIDIA GeForce RTX 3090, 20304 MiB, 24576 MiB, 100 %, 100 %, 349.33 W, 62
2026/07/03 05:37:07.162, NVIDIA GeForce RTX 3090, 20304 MiB, 24576 MiB, 100 %, 100 %, 349.43 W, 62
2026/07/03 05:37:08.164, NVIDIA GeForce RTX 3090, 20304 MiB, 24576 MiB, 100 %, 100 %, 348.98 W, 62
2026/07/03 05:37:09.166, NVIDIA GeForce RTX 3090, 20304 MiB, 24576 MiB, 100 %, 23 %, 346.02 W, 63
2026/07/03 05:37:10.168, NVIDIA GeForce RTX 3090, 20304 MiB, 24576 MiB, 100 %, 100 %, 349.10 W, 62
2026/07/03 05:37:11.170, NVIDIA GeForce RTX 3090, 20304 MiB, 24576 MiB, 100 %, 100 %, 348.92 W, 62
2026/07/03 05:37:12.172, NVIDIA GeForce RTX 3090, 20304 MiB, 24576 MiB, 100 %, 100 %, 349.00 W, 63
2026/07/03 05:37:13.173, NVIDIA GeForce RTX 3090, 20304 MiB, 24576 MiB, 100 %, 100 %, 349.26 W, 62
2026/07/03 05:37:14.176, NVIDIA GeForce RTX 3090, 20304 MiB, 24576 MiB, 100 %, 100 %, 349.36 W, 62
